push_id,timestamp,mq3_value,mq9_value,mq3_rs_r0,mq9_rs_r0,hour,label
-c6eace95371e4dd5aa47,2025-06-10 17:00:00,1439,1119,0.963,1.036,9,Clean
-21f07fa61cde44afa8ad,2025-06-11 05:00:01,1483,1097,0.926,1.061,21,Clean
-2e234dd3b0b34ff8a36e,2025-06-11 02:00:02,1594,1168,0.841,0.983,18,Clean
-0b8ae22ba0da4630877d,2025-06-11 00:00:03,1306,1109,1.09,1.047,16,Clean
-de0f5e5a36f345e0b6e1,2025-06-10 15:00:04,1590,1313,0.844,0.849,7,Clean
-a743976e42b9468ba02e,2025-06-10 15:00:05,1467,1289,0.939,0.869,7,Clean
-3297ee3eaa47447586a4,2025-06-10 10:00:06,1421,1141,0.979,1.011,2,Clean
-3cf11f2857fe4236a40e,2025-06-11 03:00:07,1636,1249,0.812,0.904,19,Clean
-2309a988d4534fe9994e,2025-06-11 00:00:08,1473,1050,0.934,1.119,16,Clean
-99ed4e655bbd4c40a5b8,2025-06-11 01:00:09,1339,1064,1.056,1.101,17,Clean
-41bb9f0e6d0949e885b2,2025-06-10 08:00:10,1346,1151,1.049,1.001,0,Clean
-b4223cd4640344199e64,2025-06-11 06:00:11,1368,1018,1.028,1.161,22,Clean
-fc4946945fa74682b587,2025-06-11 03:00:12,1237,1211,1.167,0.94,19,Clean
-0f838ee951d54308992d,2025-06-10 16:00:13,1272,1271,1.127,0.885,8,Clean
-9f98f76ac5744ccbad35,2025-06-10 16:00:14,1504,1126,0.909,1.028,8,Clean
-9e0f3a99716548bba8e3,2025-06-10 16:00:15,1333,987,1.062,1.205,8,Clean
-b9a00845d8624229b237,2025-06-10 17:00:16,1260,1241,1.141,0.911,9,Clean
-ba8ef8144ca4496bbff9,2025-06-10 21:00:17,1525,1225,0.892,0.926,13,Clean
-7e43b63398a549d9aaa2,2025-06-10 18:00:18,1561,1036,0.865,1.137,10,Clean
-f8eadd487cc34df096a7,2025-06-10 17:00:19,1198,1197,1.215,0.953,9,Clean
-86bf98e77c7444a3b2bf,2025-06-11 01:00:20,1309,1126,1.087,1.028,17,Clean
-05c60d8327024feea472,2025-06-10 14:00:21,1222,1190,1.185,0.96,6,Clean
-ce24318541fe4d57b9cd,2025-06-10 17:00:22,1534,1254,0.885,0.9,9,Clean
-58528fa093d742468462,2025-06-10 17:00:23,1585,1050,0.847,1.119,9,Clean
-61998754040f4c56a7b4,2025-06-10 18:00:24,1377,1005,1.019,1.179,10,Clean
-d3eb2680482748ad99b2,2025-06-11 02:00:25,1327,1033,1.068,1.141,18,Clean
-d59855cd38044eea80b7,2025-06-10 16:00:26,1443,1070,0.959,1.094,8,Clean
-b20cd1a1646f4a6bb7b8,2025-06-10 20:00:27,1351,1299,1.044,0.861,12,Clean
-cc2217432bb54489aca4,2025-06-11 00:00:28,1150,1016,1.278,1.164,16,Clean
-b5869cb7e34446a1946a,2025-06-10 10:00:29,1259,1199,1.142,0.951,2,Clean
-bd3fa86cee8249a2bddf,2025-06-11 00:00:30,1375,1104,1.021,1.053,16,Clean
-c48fe364f599408192eb,2025-06-10 15:00:31,1354,1232,1.041,0.92,7,Clean
-b260f3256e8d4e8f8aa1,2025-06-10 10:00:32,1299,1092,1.098,1.067,2,Clean
-b6b45f56ed1b47c4af22,2025-06-11 05:00:33,1487,1067,0.922,1.097,21,Clean
-8ac4740f647443639c2a,2025-06-11 06:00:34,1476,990,0.931,1.2,22,Clean
-a39f852381a3439a9737,2025-06-11 02:00:35,1230,1213,1.176,0.938,18,Clean
-8b8d0397579c44d89abb,2025-06-10 17:00:36,1207,1174,1.204,0.977,9,Clean
-7dbe9917e3394973a98d,2025-06-10 12:00:37,1201,1228,1.211,0.924,4,Clean
-fdb402d7f495444a8bb8,2025-06-11 01:00:38,1223,1224,1.184,0.927,17,Clean
-d09660311c9640ea9dd1,2025-06-10 18:00:39,1356,1072,1.039,1.091,10,Clean
-4bee556d6ab54c64b8f2,2025-06-10 13:00:40,1247,1264,1.156,0.891,5,Clean
-cefb3f4a2ad644e294c5,2025-06-10 19:00:41,1457,1137,0.947,1.016,11,Clean
-4f8855a6f22d4ce29c91,2025-06-10 09:00:42,1304,1148,1.092,1.004,1,Clean
-2b8e0b7bcac24101999d,2025-06-11 03:00:43,1268,1122,1.132,1.032,19,Clean
-9ff38f5b74974d5c86cc,2025-06-10 16:00:44,1388,1044,1.009,1.126,8,Clean
-6cb0d355a3c44aea8a3c,2025-06-11 01:00:45,1290,1063,1.107,1.102,17,Clean
-c2219b40bf254a64b2bf,2025-06-10 17:00:46,1643,1204,0.807,0.947,9,Clean
-3d27600521c8485d904e,2025-06-10 20:00:47,1321,1235,1.075,0.917,12,Clean
-43fdcca03e154b898d97,2025-06-10 22:00:48,1151,1172,1.276,0.979,14,Clean
-c6dba62c255f4e2d8c30,2025-06-10 16:00:49,1419,976,0.98,1.221,8,Clean
-c8b5cb8e7aec4772b37b,2025-06-11 06:00:50,1573,1118,0.856,1.037,22,Clean
-f43b248a62f243929e2b,2025-06-11 02:00:51,1264,1025,1.136,1.152,18,Clean
-9b21e06661e64b6a9c05,2025-06-11 05:00:52,1186,1156,1.23,0.995,21,Clean
-e69a4a90cc7940bcbd58,2025-06-11 03:00:53,1505,1215,0.908,0.936,19,Clean
-e8d0e5455c81421faa3c,2025-06-11 00:00:54,1588,1033,0.845,1.141,16,Clean
-6fb167bba94d4355bbec,2025-06-11 04:00:55,1461,1211,0.944,0.94,20,Clean
-61a0f195fc5d4c3097bf,2025-06-10 11:00:56,1438,1237,0.964,0.915,3,Clean
-3bb5de419fbf46e29fca,2025-06-10 16:00:57,1153,1013,1.274,1.168,8,Clean
-8c37ee330ed446d98108,2025-06-10 10:00:58,1318,1004,1.078,1.18,2,Clean
-43080b6dfb6b4907ae14,2025-06-10 17:00:59,1495,1092,0.916,1.067,9,Clean
-59217ec34c8847c6ba8a,2025-06-10 18:00:00,1241,1308,1.163,0.853,10,Clean
-2826abb727024421bbaa,2025-06-10 16:00:01,1624,1195,0.82,0.955,8,Clean
-05b0ba9368d64fdaa10a,2025-06-11 03:00:02,1175,1247,1.244,0.906,19,Clean
-30d6f60632ad46f58db6,2025-06-10 17:00:03,1367,1061,1.029,1.105,9,Clean
-52bc5f17e73f47838d5e,2025-06-10 17:00:04,1577,1293,0.853,0.866,9,Clean
-a4380f288cf74ae69dc0,2025-06-10 21:00:05,1556,1098,0.868,1.06,13,Clean
-6525d177772d46e492e0,2025-06-10 14:00:06,1243,1107,1.16,1.049,6,Clean
-3b883d49550f417b8bde,2025-06-11 02:00:07,1511,1319,0.903,0.844,18,Clean
-f012f20d3f5e414e8cad,2025-06-10 11:00:08,1413,1025,0.986,1.152,3,Clean
-ff6021eca2be478094f8,2025-06-11 07:00:09,1289,1034,1.109,1.14,23,Clean
-61596acd63b94952bc15,2025-06-11 02:00:10,1377,1213,1.019,0.938,18,Clean
-c9b63e26ae074b4294b9,2025-06-10 16:00:11,1436,1041,0.965,1.13,8,Clean
-2a04fa701ec24cf083c8,2025-06-10 08:00:12,1366,1285,1.03,0.872,0,Clean
-5b5fefdf8e5e47f79e1c,2025-06-11 03:00:13,1528,1133,0.89,1.02,19,Clean
-7009f199065e4cfaa7ee,2025-06-11 01:00:14,1541,1126,0.88,1.028,17,Clean
-be5801d6b7de468a9b23,2025-06-11 02:00:15,1246,1161,1.157,0.99,18,Clean
-a2e5952dcf674d6a99f9,2025-06-11 02:00:16,1412,1118,0.987,1.037,18,Clean
-c60e19b05a9b465db56f,2025-06-10 11:00:17,1233,1346,1.172,0.823,3,Clean
-0f7be2e0e727465fac95,2025-06-10 17:00:18,1626,1131,0.819,1.022,9,Clean
-15aeddcd5ee74667ae46,2025-06-10 13:00:19,1337,1103,1.058,1.054,5,Clean
-6f0466106b404f36aa13,2025-06-11 03:00:20,1526,1129,0.891,1.025,19,Clean
-95d0b23fe2ad4d3380aa,2025-06-11 01:00:21,1415,1004,0.984,1.18,17,Clean
-31e384f5aee24fb4acaa,2025-06-10 17:00:22,1410,1030,0.988,1.145,9,Clean
-dada7f07fa68489cba5c,2025-06-10 10:00:23,1254,1109,1.148,1.047,2,Clean
-438f18f4cd934c2d9038,2025-06-10 17:00:24,1301,1069,1.096,1.095,9,Clean
-37dac8fda48f4ef0a958,2025-06-10 17:00:25,1478,1227,0.93,0.924,9,Clean
-4bd36d18abb3403e9653,2025-06-11 02:00:26,1637,1191,0.811,0.959,18,Clean
-13b7861c225e4ec69342,2025-06-11 01:00:27,1262,1248,1.138,0.905,17,Clean
-f52c0de455c24dfc8f9f,2025-06-11 03:00:28,1289,1016,1.109,1.164,19,Clean
-7f229077525c445c8302,2025-06-10 18:00:29,1146,1214,1.283,0.937,10,Clean
-fe8827f126594cbe82d2,2025-06-10 13:00:30,1180,1062,1.238,1.104,5,Clean
-24278a892a8d43d681f6,2025-06-11 02:00:31,1298,1216,1.099,0.935,18,Clean
-99e1c1de8e4f44eb979c,2025-06-11 02:00:32,1650,1128,0.802,1.026,18,Clean
-cc90f8227d2e4d169d45,2025-06-10 22:00:33,1507,1177,0.906,0.973,14,Clean
-cb93df8e77e7426886b6,2025-06-11 02:00:34,1557,1073,0.868,1.09,18,Clean
-a4c529c78f564b0abcb4,2025-06-10 19:00:35,1387,1083,1.01,1.078,11,Clean
-1e34c82407394b68932f,2025-06-10 21:00:36,1371,1239,1.025,0.913,13,Clean
-4788e64227b24814a88d,2025-06-10 18:00:37,1213,1026,1.196,1.15,10,Clean
-d73a61f89fea442c8c92,2025-06-10 09:00:38,1658,1155,0.797,0.996,1,Clean
-380101b3da24425188ba,2025-06-10 12:00:39,1306,1277,1.09,0.879,4,Clean
-80cc94abd0c64874832d,2025-06-10 09:00:40,1480,1280,0.928,0.877,1,Clean
-d31232a8e35f420aa08f,2025-06-11 01:00:41,1455,1227,0.949,0.924,17,Clean
-95978ff665744be988b8,2025-06-10 17:00:42,1346,1073,1.049,1.09,9,Clean
-6de0037a17d344ac98d2,2025-06-10 20:00:43,1371,997,1.025,1.19,12,Clean
-3e0e7767adc949c18572,2025-06-11 03:00:44,1303,1060,1.094,1.106,19,Clean
-77f6809b5f6548bb8d66,2025-06-10 16:00:45,1560,1013,0.865,1.168,8,Clean
-6d003ef59b6c4a599add,2025-06-10 18:00:46,1500,1014,0.912,1.167,10,Clean
-13d14fdcb4f041baa89c,2025-06-11 02:00:47,1294,1131,1.103,1.022,18,Clean
-c3559b4448544c068226,2025-06-10 16:00:48,1197,1167,1.216,0.984,8,Clean
-65e136ecdac94189a120,2025-06-10 11:00:49,1427,1252,0.973,0.901,3,Clean
-5e5f1edea37248a4917d,2025-06-10 17:00:50,1385,1081,1.012,1.08,9,Clean
-20804172fdd54e65b35c,2025-06-10 15:00:51,1489,1249,0.921,0.904,7,Clean
-d25b9f65d6064388b029,2025-06-11 04:00:52,1480,975,0.928,1.222,20,Clean
-1ea6e40214234b5fb0a0,2025-06-11 02:00:53,1520,1131,0.896,1.022,18,Clean
-32cbc8c640b345778281,2025-06-11 01:00:54,1396,1196,1.001,0.954,17,Clean
-118935f0780c42d188bb,2025-06-11 03:00:55,1359,1197,1.036,0.953,19,Clean
-3e3723e581504728a53f,2025-06-11 02:00:56,1542,1086,0.879,1.074,18,Clean
-cfcfe9fe9403436cb169,2025-06-10 16:00:57,1557,1301,0.868,0.859,8,Clean
-b8ca4eaa2ba9403d8bb9,2025-06-11 03:00:58,1228,1192,1.178,0.958,19,Clean
-2b83ceb00ece4f128d73,2025-06-10 21:00:59,1360,1227,1.036,0.924,13,Clean
-4ed286ab18df4d89996d,2025-06-11 02:00:00,1546,1237,0.876,0.915,18,Clean
-b79dff234f134704ad4b,2025-06-11 03:00:01,1384,1331,1.013,0.834,19,Clean
-1335563b074049d8b233,2025-06-10 17:00:02,1387,1158,1.01,0.993,9,Clean
-3cc8baf5fe63480d9faf,2025-06-10 12:00:03,1439,1103,0.963,1.054,4,Clean
-452966d511d44e78aeb4,2025-06-10 16:00:04,1602,1054,0.835,1.114,8,Clean
-5117d3c73483450f9598,2025-06-10 18:00:05,1358,1149,1.037,1.003,10,Clean
-3a21affa463040dba2ca,2025-06-11 03:00:06,1259,1196,1.142,0.954,19,Clean
-5ef7e46822cf4a78b4c3,2025-06-11 03:00:07,1582,1084,0.849,1.077,19,Clean
-005bf43988f54b3f8c62,2025-06-10 08:00:08,1270,1264,1.129,0.891,0,Clean
-91938cd1f4994874bca3,2025-06-10 20:00:09,1572,1300,0.857,0.86,12,Clean
-9f9b9c5432e1489a931f,2025-06-10 18:00:10,1509,1069,0.905,1.095,10,Clean
-baa9c11e08ef4668af4b,2025-06-10 16:00:11,1498,1177,0.913,0.973,8,Clean
-fb81761b77df41019342,2025-06-10 13:00:12,1328,1111,1.067,1.045,5,Clean
-9317cc502bb249c1ae78,2025-06-10 17:00:13,1335,1028,1.06,1.148,9,Clean
-c4cdb9650c264c7a86f0,2025-06-11 05:00:14,1390,1086,1.007,1.074,21,Clean
-418b4cafe06d4ec9b7bf,2025-06-10 17:00:15,1353,1121,1.042,1.033,9,Clean
-0ce806333a8f450cb58d,2025-06-10 20:00:16,1468,1085,0.938,1.075,12,Clean
-fc4e11e0e79a4c72acb6,2025-06-11 01:00:17,1531,1190,0.887,0.96,17,Clean
-0cca76ca16f14d0c8e5f,2025-06-10 17:00:18,1289,1164,1.109,0.987,9,Clean
-cce10986aaf04fecae3c,2025-06-11 06:00:19,1522,1207,0.894,0.944,22,Clean
-9dce68d130c349728933,2025-06-11 06:00:20,1245,1124,1.158,1.03,22,Clean
-b0929a43b96544e39faa,2025-06-10 16:00:21,1446,1338,0.957,0.829,8,Clean
-62752ce81ac84180a85e,2025-06-10 19:00:22,1357,1138,1.038,1.015,11,Clean
-4965cc5e98ff419bb9a3,2025-06-10 17:00:23,1515,1295,0.9,0.864,9,Clean
-6c9716abf6584b7b8196,2025-06-10 17:00:24,1274,988,1.125,1.203,9,Clean
-bb7c9d4d4d9c49e6a1b6,2025-06-10 09:00:25,1557,1174,0.868,0.977,1,Clean
-676a7284d1a546f1bc23,2025-06-11 00:00:26,1554,1231,0.87,0.921,16,Clean
-ea252bcad14d418f8c06,2025-06-10 20:00:27,1320,1245,1.076,0.908,12,Clean
-ac61a1aed8b94f8482a8,2025-06-10 10:00:28,1538,1070,0.882,1.094,2,Clean
-af6af6a0493d4d939a71,2025-06-10 17:00:29,1360,1096,1.036,1.062,9,Clean
-4b262aa4d52a4b44b1a7,2025-06-11 03:00:30,1386,1066,1.011,1.099,19,Clean
-234a3c66ef7c49269662,2025-06-10 16:00:31,1547,1284,0.875,0.873,8,Clean
-5fb1d06e9536473abe20,2025-06-10 14:00:32,1311,1182,1.085,0.968,6,Clean
-f2ccb399e8f447a8a96c,2025-06-10 19:00:33,1555,1351,0.869,0.819,11,Clean
-b134cf8913f7487588ec,2025-06-11 07:00:34,1280,1301,1.118,0.859,23,Clean
-49dd9d37f9eb4db68deb,2025-06-10 16:00:35,1308,1093,1.088,1.066,8,Clean
-136461cf06c24ee9a12d,2025-06-11 01:00:36,1595,1325,0.84,0.839,17,Clean
-d4159f84d1d24700893b,2025-06-11 02:00:37,1638,1284,0.81,0.873,18,Clean
-1e1fb9394bb94b369781,2025-06-10 16:00:38,1555,1215,0.869,0.936,8,Clean
-5c122f946bd4429db10c,2025-06-11 02:00:39,1414,1266,0.985,0.889,18,Clean
-c35e62319ff6424d95eb,2025-06-10 17:00:40,1394,1077,1.003,1.085,9,Clean
-3dee736033574e0c9e97,2025-06-11 01:00:41,1481,1122,0.927,1.032,17,Clean
-08afe4c514ee4ec0898a,2025-06-11 01:00:42,1390,1072,1.007,1.091,17,Clean
-d55a6e43b2b3439bba2f,2025-06-10 21:00:43,1421,1101,0.979,1.056,13,Clean
-b2787571f1ca434bb1ba,2025-06-10 12:00:44,1513,1174,0.901,0.977,4,Clean
-da6272f96ef647229655,2025-06-11 03:00:45,1293,1208,1.104,0.943,19,Clean
-9584de96fcc7495fa827,2025-06-10 17:00:46,1463,1103,0.942,1.054,9,Clean
-9bd8f1f9ed174bb2875a,2025-06-10 16:00:47,1232,1192,1.173,0.958,8,Clean
-32eeea57560f4b1e970d,2025-06-10 09:00:48,1424,1028,0.976,1.148,1,Clean
-bb558671245b450c8616,2025-06-11 00:00:49,1311,1197,1.085,0.953,16,Clean
-deef3bd625bd4cdcb52f,2025-06-11 01:00:50,1183,1127,1.234,1.027,17,Clean
-ef281aed99f54507bb48,2025-06-10 08:00:51,1317,1053,1.079,1.115,0,Clean
-1a1a045e55814be6b910,2025-06-10 20:00:52,1386,1148,1.011,1.004,12,Clean
-7cc2fde4c33b49f5899f,2025-06-10 16:00:53,1243,1311,1.16,0.851,8,Clean
-f23ad23e56514914a5c4,2025-06-11 01:00:54,1271,1276,1.128,0.88,17,Clean
-b33c1b5fa17940fcb16d,2025-06-10 15:00:55,1412,1184,0.987,0.966,7,Clean
-81271b5bf6004331b86a,2025-06-11 01:00:56,1437,1319,0.964,0.844,17,Clean
-c8a7688ec6fa4bce9062,2025-06-10 18:00:57,1460,1156,0.945,0.995,10,Clean
-81bb6da327a04bb391f1,2025-06-11 05:00:58,1292,1318,1.105,0.845,21,Clean
-7e3cbd792cef436caf2d,2025-06-10 14:00:59,1515,1151,0.9,1.001,6,Clean
-dfa5042ca3694b90bbc9,2025-06-10 17:00:00,1519,1168,0.897,0.983,9,Clean
-88e52adbfacb4c77b8ee,2025-06-10 13:00:01,1327,1265,1.068,0.89,5,Clean
-0883ef6784564ad6b209,2025-06-11 04:00:02,1240,1251,1.164,0.902,20,Clean
-24fe233e75124966af77,2025-06-11 03:00:03,1342,1096,1.053,1.062,19,Clean
-58090c7fd0e744d29e35,2025-06-10 16:00:04,1482,1271,0.926,0.885,8,Clean
-05b2c86bbd6e4b9e8a00,2025-06-11 01:00:05,1362,1265,1.034,0.89,17,Clean
-f71c8952469d498a83e7,2025-06-11 03:00:06,1292,1311,1.105,0.851,19,Clean
-02155662b9c54727af94,2025-06-10 22:00:07,1579,1182,0.852,0.968,14,Clean
-a6aa602a9766473cad49,2025-06-10 21:00:08,1447,1313,0.956,0.849,13,Clean
-d298d41f7c054dc69f54,2025-06-10 16:00:09,1408,1088,0.99,1.072,8,Clean
-6caa93a901974ec0962b,2025-06-10 12:00:10,1263,1045,1.137,1.125,4,Clean
-bf17cd7e18e340c0baa5,2025-06-11 03:00:11,1515,1182,0.9,0.968,19,Clean
-19df60556c354892a294,2025-06-11 03:00:12,1302,970,1.095,1.23,19,Clean
-e3beb1b08c4144b69b44,2025-06-11 01:00:13,1317,1097,1.079,1.061,17,Clean
-d4224380ad6342948d77,2025-06-10 17:00:14,1471,1309,0.935,0.852,9,Clean
-2618dc76c8d44686b71b,2025-06-10 17:00:15,1476,1342,0.931,0.826,9,Clean
-b894c7edc03c4dc7867d,2025-06-11 02:00:16,1415,1196,0.984,0.954,18,Clean
-3fa4ac0d10c2486f950b,2025-06-11 03:00:17,1657,1041,0.798,1.13,19,Clean
-90dc9a722ca54c82b9d6,2025-06-11 03:00:18,1587,996,0.846,1.192,19,Clean
-822f926d85214428a6ee,2025-06-11 02:00:19,1378,1238,1.018,0.914,18,Clean
-fd0fe597c7d34909853f,2025-06-11 01:00:20,1266,1012,1.134,1.169,17,Clean
-e465a94738924af1a67c,2025-06-10 11:00:21,1568,1126,0.86,1.028,3,Clean
-6c8899bc9d7f4bd69f4e,2025-06-10 15:00:22,1467,1109,0.939,1.047,7,Clean
-889ba410661d4ac9bbdf,2025-06-11 03:00:23,1237,1228,1.167,0.924,19,Clean
-6726c24d906c4f50ac3f,2025-06-11 00:00:24,1659,1266,0.796,0.889,16,Clean
-3f79b85e77fa426eb184,2025-06-10 08:00:25,1239,1104,1.165,1.053,0,Clean
-3a6e1701012242948bb2,2025-06-10 12:00:26,1356,1286,1.039,0.872,4,Clean
-30e2e891c31a492d9727,2025-06-11 01:00:27,1468,1321,0.938,0.842,17,Clean
-b5827708399d4dadbd93,2025-06-10 08:00:28,1432,1235,0.969,0.917,0,Clean
-cf9b45d068ff49c2bd2a,2025-06-10 15:00:29,1369,1133,1.027,1.02,7,Clean
-e08eb370d670486d8c3a,2025-06-10 22:00:30,1302,1216,1.095,0.935,14,Clean
-b2b459e5473b43c0bb63,2025-06-11 01:00:31,1209,980,1.201,1.215,17,Clean
-ce10741f30a54231bec3,2025-06-11 01:00:32,1344,1172,1.051,0.979,17,Clean
-f0bd59f80d8a42188d33,2025-06-10 16:00:33,1406,1199,0.992,0.951,8,Clean
-b85885920ea84b209fb0,2025-06-11 02:00:34,1361,1045,1.035,1.125,18,Clean
-e73800b99dbd4103a7ce,2025-06-10 16:00:35,1459,1215,0.946,0.936,8,Clean
-d57c73a390234dfdb0c5,2025-06-10 17:00:36,1309,1204,1.087,0.947,9,Clean
-04341a3f48d64afd8a1d,2025-06-11 02:00:37,1471,1114,0.935,1.041,18,Clean
-911bfc2d871b488695ef,2025-06-11 01:00:38,1445,1137,0.958,1.016,17,Clean
-b692e595ad9a412fa4de,2025-06-11 03:00:39,1475,1207,0.932,0.944,19,Clean
-dc41d695cb614249aeef,2025-06-11 01:00:40,1276,1162,1.123,0.989,17,Clean
-e0f31b54e9434a72a0f7,2025-06-10 23:00:41,1235,1162,1.17,0.989,15,Clean
-d4dd109e8c6b473d9aba,2025-06-10 12:00:42,1216,1052,1.193,1.116,4,Clean
-b8331095c3e443beb1b1,2025-06-10 17:00:43,1425,1201,0.975,0.949,9,Clean
-2a43fffa79c84821a2d6,2025-06-10 16:00:44,1520,1166,0.896,0.985,8,Clean
-4b0a858d08044971820c,2025-06-10 16:00:45,1544,1093,0.877,1.066,8,Clean
-c8fe5ab933f8472f955d,2025-06-11 06:00:46,1309,1149,1.087,1.003,22,Clean
-b567f0116587423abd60,2025-06-10 18:00:47,1261,1097,1.14,1.061,10,Clean
-8b59b8dd438e4e5cba06,2025-06-11 03:00:48,1378,1208,1.018,0.943,19,Clean
-a9822d1207394b69a130,2025-06-11 01:00:49,1668,1012,0.791,1.169,17,Clean
-b505f3a82f2244358a11,2025-06-11 02:00:50,1467,983,0.939,1.211,18,Clean
-c9b14bf5e1894843a9d4,2025-06-10 20:00:51,1185,1267,1.231,0.888,12,Clean
-cf4822e9737f4df2bb82,2025-06-10 23:00:52,1370,1022,1.026,1.156,15,Clean
-2b5106989bf84a329a98,2025-06-10 19:00:53,1564,1221,0.863,0.93,11,Clean
-9d2a0a1d416848c78069,2025-06-10 16:00:54,1257,1302,1.144,0.858,8,Clean
-b6af5175aca14c26b02f,2025-06-11 02:00:55,1335,1269,1.06,0.886,18,Clean
-874f5f80ef294ef99b50,2025-06-10 17:00:56,1438,1301,0.964,0.859,9,Clean
-25c03bbef1a941848f85,2025-06-10 09:00:57,1372,1220,1.024,0.931,1,Clean
-5749a3f9de674577b94d,2025-06-11 01:00:58,1326,1110,1.07,1.046,17,Clean
-9dea37d940e34c9580b8,2025-06-10 15:00:59,1371,1233,1.025,0.919,7,Clean
-46b0e24db88f47a2a45c,2025-06-11 05:00:00,1306,1156,1.09,0.995,21,Clean
-4d97c27c2a614b71947c,2025-06-11 05:00:01,1367,1320,1.029,0.843,21,Clean
-29464dda94c4422db0c1,2025-06-11 04:00:02,1233,1202,1.172,0.948,20,Clean
-00772104cf8d42bb9ed8,2025-06-10 17:00:03,1535,1097,0.884,1.061,9,Clean
-70daa0da161743338d23,2025-06-10 08:00:04,1377,1112,1.019,1.044,0,Clean
-210784fa1ad54cde82f8,2025-06-11 04:00:05,1611,1313,0.829,0.849,20,Clean
-95203e6ef3684106a8e9,2025-06-10 18:00:06,1403,1341,0.995,0.827,10,Clean
-5f4deb480ced46ce80e1,2025-06-11 06:00:07,1266,1282,1.134,0.875,22,Clean
-ed245a53b899487b86a7,2025-06-11 06:00:08,1421,981,0.979,1.213,22,Clean
-295ba5ca88aa4634a5d1,2025-06-11 03:00:09,1175,1067,1.244,1.097,19,Clean
-fc1859de142e4cab8998,2025-06-10 17:00:10,1728,1476,0.753,0.73,9,Mild
-fccda08c59e241f9a22c,2025-06-10 18:00:11,1670,1336,0.789,0.83,10,Mild
-574d0d7480b44c799c07,2025-06-11 03:00:12,1619,1619,0.823,0.645,19,Mild
-f19e41c8b1b548058d1d,2025-06-10 17:00:13,1580,1604,0.851,0.654,9,Mild
-5e86f9d11cd047eb87df,2025-06-10 15:00:14,1340,1619,1.055,0.645,7,Mild
-7a9fc73002044cbaadd2,2025-06-10 22:00:15,1345,1317,1.05,0.846,14,Mild
-b33239be7c8147ba9c33,2025-06-11 05:00:16,1433,1538,0.968,0.691,21,Mild
-dfb5fdb9b9e6475fa9a5,2025-06-11 01:00:17,1434,1485,0.967,0.724,17,Mild
-84c76dcef362412988d6,2025-06-10 23:00:18,1705,1639,0.767,0.635,15,Mild
-07825846c9eb4ff5a7e7,2025-06-10 12:00:19,1420,1347,0.979,0.822,4,Mild
-6c13d8391d9a4096831b,2025-06-11 01:00:20,1402,1355,0.996,0.816,17,Mild
-a784f952ff474ffa9c2f,2025-06-11 07:00:21,1470,1515,0.936,0.705,23,Mild
-f27d8646ee7d41d19277,2025-06-10 14:00:22,1575,1292,0.854,0.867,6,Mild
-5eda473d303a47d38111,2025-06-10 20:00:23,1530,1306,0.888,0.855,12,Mild
-80aa02f8380843bc9fa5,2025-06-11 03:00:24,1367,1342,1.029,0.826,19,Mild
-fd984d47739c488db8b3,2025-06-11 02:00:25,1540,1381,0.881,0.796,18,Mild
-f2b2813772174c029b92,2025-06-11 01:00:26,1692,1475,0.775,0.731,17,Mild
-e4178243a7d14201a04a,2025-06-11 01:00:27,1388,1701,1.009,0.603,17,Mild
-97f2d953d43f47aeb036,2025-06-10 17:00:28,1606,1426,0.832,0.764,9,Mild
-f7b156bc5bfa401092c6,2025-06-10 17:00:29,1393,1456,1.004,0.743,9,Mild
-e06a4e4080f641af99b0,2025-06-11 02:00:30,1494,1420,0.917,0.768,18,Mild
-e37f2890fdd1472bbfe8,2025-06-11 02:00:31,1516,1706,0.899,0.601,18,Mild
-ac146a95d8c14fa2a1a8,2025-06-11 03:00:32,1353,1816,1.042,0.551,19,Mild
-2bb2970cdaa44359931b,2025-06-11 04:00:33,1681,1547,0.782,0.686,20,Mild
-78b7f7a7e2b445bc8414,2025-06-10 20:00:34,1517,1489,0.898,0.722,12,Mild
-cd98d2c92b0a4c188943,2025-06-10 20:00:35,1682,1411,0.782,0.774,12,Mild
-cbd2745a6a0a433aa0bf,2025-06-11 02:00:36,1669,1648,0.79,0.63,18,Mild
-17a102bba6564e9f8712,2025-06-11 01:00:37,1425,1484,0.975,0.725,17,Mild
-44a1550033a5468b8484,2025-06-11 01:00:38,1424,1384,0.976,0.794,17,Mild
-72068b2733c649d5af8c,2025-06-11 02:00:39,1706,1409,0.767,0.776,18,Mild
-e6ec3538e99e439aa3c5,2025-06-11 03:00:40,1324,1775,1.072,0.569,19,Mild
-dfa560781a894a90a0ee,2025-06-10 17:00:41,1568,1339,0.86,0.828,9,Mild
-9789c50ead0848a48546,2025-06-10 17:00:42,1488,1386,0.921,0.792,9,Mild
-1139cb5d7d204adba558,2025-06-10 12:00:43,1457,1870,0.947,0.528,4,Mild
-efe5e48cb0c34269b699,2025-06-10 23:00:44,1615,1553,0.826,0.683,15,Mild
-840a7be4a75848979704,2025-06-10 09:00:45,1489,1471,0.921,0.733,1,Mild
-9d9c3910f87747f39e12,2025-06-10 18:00:46,1404,1270,0.994,0.885,10,Mild
-8f30757dbf4646dc87cb,2025-06-10 21:00:47,1587,1601,0.846,0.655,13,Mild
-0b738b74913f47828ee0,2025-06-10 17:00:48,1429,1529,0.971,0.697,9,Mild
-51a6a9913f0d4f0ebf8b,2025-06-11 00:00:49,1613,1769,0.827,0.571,16,Mild
-67781a0fead748a08dc1,2025-06-10 09:00:50,1469,1625,0.937,0.642,1,Mild
-367de05714224bbcb517,2025-06-10 09:00:51,1415,1703,0.984,0.602,1,Mild
-fee79bbb96764cfda4ff,2025-06-11 03:00:52,1324,1762,1.072,0.575,19,Mild
-cbd9368f54f2400f96b8,2025-06-10 17:00:53,1423,1806,0.977,0.555,9,Mild
-8616b8d3dc7f4c61ba82,2025-06-10 13:00:54,1571,1497,0.857,0.717,5,Mild
-f827332dafe04fceb84e,2025-06-10 21:00:55,1441,1703,0.961,0.602,13,Mild
-c5e8c95fb0d14367b18b,2025-06-11 02:00:56,1534,1331,0.885,0.834,18,Mild
-415e190a37b441888dfe,2025-06-10 16:00:57,1344,1742,1.051,0.584,8,Mild
-746036cb7e7c4eb6b260,2025-06-11 01:00:58,1748,1761,0.741,0.575,17,Mild
-4f0dedf57f184c258db3,2025-06-10 11:00:59,1409,1482,0.989,0.726,3,Mild
-b4d43bbe30234edd8919,2025-06-10 10:00:00,1655,1591,0.799,0.661,2,Mild
-ef506805c4c04add9cd7,2025-06-10 21:00:01,1322,1356,1.074,0.815,13,Mild
-601b7c74317c44a28ea6,2025-06-10 21:00:02,1510,1482,0.904,0.726,13,Mild
-7f371360add94f84a9ce,2025-06-11 01:00:03,1548,1574,0.874,0.67,17,Mild
-76db478b6bf44c7b8a6c,2025-06-11 02:00:04,1322,1378,1.074,0.798,18,Mild
-5e900ad496994524998b,2025-06-11 06:00:05,1447,1760,0.956,0.576,22,Mild
-80fd5f0603e941509534,2025-06-10 20:00:06,1355,1796,1.04,0.559,12,Mild
-967685b1f0204015b11f,2025-06-10 17:00:07,1352,1534,1.043,0.694,9,Mild
-400657a959b347e5b0e8,2025-06-11 02:00:08,1307,1752,1.089,0.579,18,Mild
-38abbfe56a564d5f9dee,2025-06-10 16:00:09,1428,1707,0.972,0.6,8,Mild
-9393b6fad9cb42e2b450,2025-06-10 18:00:10,1399,1536,0.999,0.693,10,Mild
-ca660262ba33493db575,2025-06-10 11:00:11,1467,1786,0.939,0.564,3,Mild
-d40f48673b034a0aa854,2025-06-10 09:00:12,1538,1332,0.882,0.834,1,Mild
-689eef3e879842808a9d,2025-06-11 06:00:13,1305,1528,1.091,0.697,22,Mild
-4e7e321f3a05460db410,2025-06-11 03:00:14,1348,1852,1.047,0.536,19,Mild
-28936e79281e439f8860,2025-06-11 01:00:15,1488,1373,0.921,0.802,17,Mild
-779702fd7ed04387a0e9,2025-06-10 18:00:16,1565,1570,0.862,0.673,10,Mild
-0a6e8a51a0ba450b922e,2025-06-10 15:00:17,1608,1358,0.831,0.813,7,Mild
-36704db2ce6e44b081b8,2025-06-10 15:00:18,1674,1799,0.787,0.558,7,Mild
-961bb6dabcce4abbbe45,2025-06-10 16:00:19,1457,1777,0.947,0.568,8,Mild
-bc46ca7a64e34c808521,2025-06-10 22:00:20,1654,1662,0.8,0.623,14,Mild
-fcf3501cbc394749ad59,2025-06-11 02:00:21,1546,1339,0.876,0.828,18,Mild
-b36f249ebdfc4c7b83f3,2025-06-11 01:00:22,1473,1358,0.934,0.813,17,Mild
-ed9d2b20c37d462ca8e2,2025-06-10 17:00:23,1732,1391,0.751,0.789,9,Mild
-ea841b203b654f2a8957,2025-06-11 05:00:24,1595,1280,0.84,0.877,21,Mild
-eb66ba3f109a49c7b4dd,2025-06-11 02:00:25,1694,1379,0.774,0.797,18,Mild
-9f857274a29347c1bca5,2025-06-10 22:00:26,1476,1349,0.931,0.82,14,Mild
-6866361ad8af40069d56,2025-06-11 01:00:27,1412,1468,0.987,0.735,17,Mild
-add6f2f0ca464759b35e,2025-06-10 18:00:28,1312,1611,1.084,0.65,10,Mild
-19fc81c57e494dbfa033,2025-06-10 16:00:29,1433,1631,0.968,0.639,8,Mild
-e17c6cc032fe48e2ab1f,2025-06-10 17:00:30,1391,1499,1.006,0.715,9,Mild
-43ab7c8f091b4bc2a1bc,2025-06-11 02:00:31,1613,1665,0.827,0.621,18,Mild
-134f3c00b90641ea87f2,2025-06-10 08:00:32,1333,1761,1.062,0.575,0,Mild
-e61b92f21b54414fb7cb,2025-06-10 13:00:33,1656,1474,0.798,0.731,5,Mild
-e4abcbf4d39b44e1bef7,2025-06-10 10:00:34,1484,1533,0.925,0.694,2,Mild
-97a73dc275eb4117be06,2025-06-10 09:00:35,1514,1456,0.901,0.743,1,Mild
-3fe7c2dc6022453bbdcc,2025-06-11 03:00:36,1409,1372,0.989,0.803,19,Mild
-de3f147b3de24891b680,2025-06-11 01:00:37,1677,1728,0.785,0.59,17,Mild
-9ef23ad3590444b8a821,2025-06-10 18:00:38,1658,1673,0.797,0.617,10,Mild
-8ec16ef4c9d14d5ba564,2025-06-10 12:00:39,1728,1637,0.753,0.636,4,Mild
-aa86f576373e4759aaad,2025-06-10 19:00:40,1709,1339,0.765,0.828,11,Mild
-83d58fdbe0dd44868875,2025-06-10 18:00:41,1480,1664,0.928,0.622,10,Mild
-a2bcc5530bcf4642bc88,2025-06-10 15:00:42,1407,1680,0.991,0.614,7,Mild
-39fa83e9f344404eaff2,2025-06-10 18:00:43,1447,1350,0.956,0.819,10,Mild
-0f86a0d800b4467f8932,2025-06-10 18:00:44,1570,1425,0.858,0.764,10,Mild
-35947753426941309ec3,2025-06-11 01:00:45,1580,1642,0.851,0.633,17,Mild
-9a9f077243c745f9b7fa,2025-06-11 01:00:46,1379,1576,1.017,0.669,17,Mild
-0730f29595814abeb215,2025-06-10 10:00:47,1531,1457,0.887,0.743,2,Mild
-612d598a5848462081e1,2025-06-10 17:00:48,1374,1339,1.022,0.828,9,Mild
-1039ed22b0c848eb9a63,2025-06-11 01:00:49,1382,1471,1.014,0.733,17,Mild
-cfdfc5745395456a960b,2025-06-10 20:00:50,1369,1316,1.027,0.847,12,Mild
-ddccb3fdc3a84df78f21,2025-06-11 03:00:51,1565,1370,0.862,0.804,19,Mild
-61d31e68ea404d008cfd,2025-06-11 01:00:52,1447,1728,0.956,0.59,17,Mild
-d345f04ee1f949b7a37f,2025-06-10 15:00:53,1550,1540,0.873,0.69,7,Mild
-64d531eb0af6402baff3,2025-06-10 11:00:54,1370,1469,1.026,0.735,3,Mild
-f5834b78f0cd46d58167,2025-06-11 01:00:55,1632,1649,0.814,0.63,17,Mild
-8b58bbe8fffb4737aee2,2025-06-10 09:00:56,1546,1718,0.876,0.595,1,Mild
-0ae56387917449b5ba27,2025-06-10 23:00:57,1629,1575,0.817,0.67,15,Mild
-190de2e460d04c608351,2025-06-11 05:00:58,1438,1752,0.964,0.579,21,Mild
-8ea83e41727a4bd2b2cb,2025-06-10 23:00:59,1536,1418,0.884,0.769,15,Mild
-2738aaea183343f79a33,2025-06-10 18:00:00,1322,1386,1.074,0.792,10,Mild
-c0d54de5a0f24ae882eb,2025-06-11 01:00:01,1374,1486,1.022,0.724,17,Mild
-f64eb462bacd4f888520,2025-06-10 18:00:02,1401,1446,0.997,0.75,10,Mild
-3054d3912c724169b005,2025-06-10 22:00:03,1643,1358,0.807,0.813,14,Mild
-a7e03f91e4d044cabef0,2025-06-11 05:00:04,1384,1530,1.013,0.696,21,Mild
-30c94ad7a2a44e459798,2025-06-10 18:00:05,1414,1561,0.985,0.678,10,Mild
-73517456d6d84c6692fc,2025-06-11 06:00:06,1682,1848,0.782,0.537,22,Mild
-821f845495494202a8f0,2025-06-11 03:00:07,1299,1630,1.098,0.64,19,Mild
-d7e73c1729b646c9be6f,2025-06-10 16:00:08,1697,1513,0.772,0.707,8,Mild
-9b55e535d04145658bbb,2025-06-10 11:00:09,1633,1597,0.814,0.658,3,Mild
-ec4510f53177426d81c2,2025-06-10 12:00:10,1599,1349,0.837,0.82,4,Mild
-101d64211d78411ca9aa,2025-06-10 08:00:11,1476,1611,0.931,0.65,0,Mild
-1a1e980c5b5a4079acda,2025-06-10 12:00:12,1291,1373,1.106,0.802,4,Mild
-63db9e2e7844423a9979,2025-06-11 01:00:13,1602,1788,0.835,0.563,17,Mild
-63bc1be7682e4f67ae73,2025-06-10 11:00:14,1661,1373,0.795,0.802,3,Mild
-4ec0d92acf1d407c9514,2025-06-10 17:00:15,1475,1621,0.932,0.644,9,Mild
-4473492a67d34f92bda3,2025-06-11 03:00:16,1490,1397,0.92,0.784,19,Mild
-21c34f5c8ae64a27bf99,2025-06-10 09:00:17,1739,1388,0.746,0.791,1,Mild
-c60846f2bc104876b7d0,2025-06-11 03:00:18,1603,1581,0.834,0.666,19,Mild
-90866fb0530a46128f13,2025-06-10 17:00:19,1590,1445,0.844,0.751,9,Mild
-796d5f89b29f4a58b6c6,2025-06-10 13:00:20,1281,1538,1.117,0.691,5,Mild
-d2c857f9ebef42c69c1e,2025-06-11 01:00:21,1642,1642,0.808,0.633,17,Mild
-e51403da6c0b4f208a37,2025-06-11 01:00:22,1492,1586,0.918,0.664,17,Mild
-51fe9f69d3a3468a9cbe,2025-06-11 03:00:23,1516,1307,0.899,0.854,19,Mild
-8e256435a06c4e6d9ff9,2025-06-11 02:00:24,1265,1667,1.135,0.62,18,Mild
-886c736f1807498f850f,2025-06-11 02:00:25,1537,1725,0.883,0.592,18,Mild
-e9462a9456b741a88021,2025-06-10 17:00:26,1438,1393,0.964,0.787,9,Mild
-e4e84d3a700c47dfb9b4,2025-06-10 15:00:27,1285,1306,1.113,0.855,7,Mild
-a0095de530674151a0d0,2025-06-11 02:00:28,1423,1507,0.977,0.71,18,Mild
-6ac60bdf49724831a1b0,2025-06-11 02:00:29,1452,1583,0.951,0.665,18,Mild
-ec6ad8e23f104e5ab627,2025-06-11 07:00:30,1471,1677,0.935,0.615,23,Mild
-d107275ce8d940238d8d,2025-06-10 18:00:31,1444,1669,0.958,0.619,10,Mild
-c8aeb246c0124c99b077,2025-06-10 17:00:32,1604,1449,0.834,0.748,9,Mild
-fbc3b6287b2b48eeb536,2025-06-11 02:00:33,1459,1766,0.946,0.573,18,Mild
-a7971ce4bd8e41258be0,2025-06-10 17:00:34,1509,1519,0.905,0.703,9,Mild
-b0036338f65842659c4c,2025-06-11 04:00:35,1583,1424,0.849,0.765,20,Mild
-7c1f55f174594d80bd4b,2025-06-11 03:00:36,1621,1565,0.822,0.676,19,Mild
-af0992ef56a64937a62f,2025-06-10 18:00:37,1405,1618,0.993,0.646,10,Mild
-5f61da18de804166bdbc,2025-06-11 02:00:38,1592,1489,0.842,0.722,18,Mild
-6f38912a57df48858186,2025-06-11 02:00:39,1331,1782,1.064,0.566,18,Mild
-e15b65f4593a495f949a,2025-06-10 12:00:40,1480,1534,0.928,0.694,4,Mild
-f5e4b1d4bf84475b90a7,2025-06-11 03:00:41,1552,1681,0.871,0.613,19,Mild
-6e184e91e5c049b8a44f,2025-06-10 20:00:42,1558,1403,0.867,0.78,12,Mild
-7ad25eaf0b544c4994c8,2025-06-11 03:00:43,1627,1648,0.818,0.63,19,Mild
-204c919dd74c4bcb98a5,2025-06-10 17:00:44,1396,1338,1.001,0.829,9,Mild
-b844130dcf0944958ea4,2025-06-11 03:00:45,1345,1433,1.05,0.759,19,Mild
-d887fe389ee1491db40e,2025-06-10 18:00:46,1712,1741,0.763,0.584,10,Mild
-876ecbb5deb645158d90,2025-06-10 08:00:47,1532,1307,0.887,0.854,0,Mild
-cfc259a5999540a99613,2025-06-11 03:00:48,1385,1535,1.012,0.693,19,Mild
-370887ca24fc47cfb4ce,2025-06-10 12:00:49,1710,1467,0.764,0.736,4,Mild
-63f738c96d984ecfa52a,2025-06-10 17:00:50,1444,1426,0.958,0.764,9,Mild
-87680abec9c74fa0a62f,2025-06-11 05:00:51,1595,1423,0.84,0.766,21,Mild
-03f333185d804bb1af41,2025-06-11 05:00:52,1522,1687,0.894,0.61,21,Mild
-e2e9089c79b7493d850f,2025-06-10 23:00:53,1438,1697,0.964,0.605,15,Mild
-23f2493380fd45dbb7c8,2025-06-11 01:00:54,1629,1433,0.817,0.759,17,Mild
-1862f393689a4f9ea472,2025-06-10 18:00:55,1511,1355,0.903,0.816,10,Mild
-73cee10ecaed4915b3ab,2025-06-10 17:00:56,1742,1632,0.745,0.639,9,Mild
-a9afd3ed9603442fb478,2025-06-10 17:00:57,1429,1496,0.971,0.717,9,Mild
-2e108fa0f5e34018a7d0,2025-06-11 01:00:58,1643,1516,0.807,0.705,17,Mild
-3ca6f1d61d634fd8a9a4,2025-06-11 02:00:59,1600,1695,0.837,0.606,18,Mild
-b82920f605e94624a47b,2025-06-11 02:00:00,1366,1450,1.03,0.747,18,Mild
-7961a750ae61485492c5,2025-06-11 02:00:01,1385,1568,1.012,0.674,18,Mild
-33c61821ee9c403ea81d,2025-06-10 12:00:02,1572,1390,0.857,0.789,4,Mild
-6c807a430258413a8847,2025-06-10 19:00:03,1409,1474,0.989,0.731,11,Mild
-1a7454913449446bb794,2025-06-10 10:00:04,1583,1460,0.849,0.741,2,Mild
-b1d3e73d0f734d23a985,2025-06-10 22:00:05,1703,1599,0.768,0.656,14,Mild
-c558ba4d99e146d0a9c8,2025-06-10 18:00:06,1632,1384,0.814,0.794,10,Mild
-7a74bbd178d147fe8c1f,2025-06-11 03:00:07,1365,1797,1.031,0.559,19,Mild
-3f0c703abf784e2fa7f1,2025-06-10 17:00:08,1643,1651,0.807,0.629,9,Mild
-9172f05e457d42acb4a7,2025-06-10 13:00:09,1598,1402,0.838,0.781,5,Mild
-222a899571904eaca306,2025-06-10 14:00:10,1416,1454,0.983,0.745,6,Mild
-2a2ca84256894941a480,2025-06-11 02:00:11,1608,1657,0.831,0.625,18,Mild
-c45711426e354666a08c,2025-06-11 01:00:12,1593,1526,0.842,0.699,17,Mild
-46bd99288d8c4f03873b,2025-06-10 12:00:13,1582,1300,0.849,0.86,4,Mild
-adffdff07bea4d38b03a,2025-06-10 11:00:14,1522,1375,0.894,0.8,3,Mild
-7beba3111f06466499e5,2025-06-11 01:00:15,1689,1465,0.777,0.737,17,Mild
-ba5e9b93cd2a4384be26,2025-06-10 11:00:16,1487,1702,0.922,0.603,3,Mild
-0ac62b2575624e29af7d,2025-06-11 03:00:17,1342,1314,1.053,0.848,19,Mild
-244ba763ad5548e9b7d1,2025-06-11 01:00:18,1372,1663,1.024,0.622,17,Mild
-cc08c806340c49aca71e,2025-06-10 11:00:19,1537,1665,0.883,0.621,3,Mild
-2eb7274910df4e50bbc5,2025-06-10 11:00:20,1463,1404,0.942,0.779,3,Mild
-fc2be5224b494fc09379,2025-06-11 07:00:21,1506,1711,0.907,0.599,23,Mild
-aaa96e48346347b695ea,2025-06-10 17:00:22,1526,1828,0.891,0.546,9,Mild
-747341e6c7134b4483a7,2025-06-10 17:00:23,1503,1751,0.909,0.58,9,Mild
-3dd7f8c30c1240b2b7c4,2025-06-11 03:00:24,1549,1660,0.874,0.624,19,Mild
-90d14bd584bc49e78c85,2025-06-11 05:00:25,1556,1717,0.868,0.596,21,Mild
-3ed99118fdd444d6bf96,2025-06-11 07:00:26,1634,1555,0.813,0.681,23,Mild
-2b70095e2bb047a695a5,2025-06-11 02:00:27,1554,1625,0.87,0.642,18,Mild
-11077208d27c47239e99,2025-06-10 17:00:28,1551,1546,0.872,0.687,9,Mild
-ff2fbeb226ad4bf6b10e,2025-06-10 11:00:29,1345,1524,1.05,0.7,3,Mild
-49c30932131544fa8087,2025-06-11 02:00:30,1631,1445,0.815,0.751,18,Mild
-c0be50a656964a92a9d2,2025-06-10 22:00:31,1548,1484,0.874,0.725,14,Mild
-2a460eb47daf4c6d97ac,2025-06-10 18:00:32,1657,1680,0.798,0.614,10,Mild
-6cf5de351ca74aceabea,2025-06-11 03:00:33,1698,1354,0.772,0.816,19,Mild
-9278b16b109247dd9e65,2025-06-10 13:00:34,1264,1342,1.136,0.826,5,Mild
-5e417780cb40483f8655,2025-06-10 19:00:35,1368,1269,1.028,0.886,11,Mild
-9d760146dad144ad9c63,2025-06-10 08:00:36,1473,1471,0.934,0.733,0,Mild
-7108b1f855bd403d9344,2025-06-10 18:00:37,1609,1433,0.83,0.759,10,Mild
-fcf7ea5ab25947aeb73a,2025-06-10 10:00:38,1320,1691,1.076,0.608,2,Mild
-3593c11362c74b89bb07,2025-06-10 13:00:39,1544,1624,0.877,0.643,5,Mild
-52fe356fb453423983c7,2025-06-10 13:00:40,1317,1498,1.079,0.716,5,Mild
-e7a9a20bc0bb4919a337,2025-06-11 01:00:41,1510,1385,0.904,0.793,17,Mild
-2257f014a5ab4e828a15,2025-06-11 02:00:42,1338,1444,1.057,0.751,18,Mild
-2370efff3f8a48ee9445,2025-06-10 23:00:43,1493,1582,0.917,0.666,15,Mild
-f0ea7a96d96543159537,2025-06-11 06:00:44,1333,1668,1.062,0.62,22,Mild
-7c9bccdc75744c3aa5be,2025-06-10 17:00:45,1578,1578,0.852,0.668,9,Mild
-64a05d3862ab4f61a177,2025-06-10 17:00:46,1641,1391,0.808,0.789,9,Mild
-24c267df79c34c4b9abe,2025-06-11 03:00:47,1398,1723,0.999,0.593,19,Mild
-353aacc5529b4b98b5df,2025-06-10 16:00:48,1584,1340,0.848,0.827,8,Mild
-cd1958965a3f4ad2aa16,2025-06-11 06:00:49,1520,1671,0.896,0.618,22,Mild
-8ab45916df6540af827f,2025-06-10 08:00:50,1324,1351,1.072,0.819,0,Mild
-fbaf6c34e1de413380df,2025-06-11 06:00:51,1295,1462,1.102,0.739,22,Mild
-1d9206d371a8496e9271,2025-06-10 09:00:52,1508,1763,0.905,0.574,1,Mild
-4f900e16667346609464,2025-06-11 03:00:53,1642,1433,0.808,0.759,19,Mild
-c3395ca29c2748d59dca,2025-06-10 21:00:54,1395,1747,1.002,0.581,13,Mild
-251e235b70ba45d0a9bf,2025-06-11 07:00:55,1530,1689,0.888,0.609,23,Mild
-d82a966916dc43a48973,2025-06-10 11:00:56,1701,1323,0.77,0.841,3,Mild
-eb1dfed01bc24c659743,2025-06-10 22:00:57,1541,1484,0.88,0.725,14,Mild
-314c33cac71a47c9b32f,2025-06-11 06:00:58,1544,1655,0.877,0.626,22,Mild
-7d81d886bcdd44739174,2025-06-10 21:00:59,1485,1695,0.924,0.606,13,Mild
-a4e581b79f44425597f7,2025-06-11 01:00:00,1589,1484,0.844,0.725,17,Mild
-2ce6b028dfb347a3a49d,2025-06-11 01:00:01,1373,1772,1.023,0.57,17,Mild
-616a556a15934ae6ab89,2025-06-10 18:00:02,1455,1595,0.949,0.659,10,Mild
-3536faeb173e4669b772,2025-06-11 01:00:03,1457,1417,0.947,0.77,17,Mild
-127bb9b7e0c747c0b384,2025-06-10 23:00:04,1417,1692,0.982,0.608,15,Mild
-a77c685336c54b4f8a4c,2025-06-11 03:00:05,1546,1631,0.876,0.639,19,Mild
-cea043dd950843ae8561,2025-06-10 10:00:06,1544,1270,0.877,0.885,2,Mild
-fb26ccbe643d495aba8e,2025-06-10 17:00:07,1357,1599,1.038,0.656,9,Mild
-7b4987021bc14fd5b171,2025-06-11 05:00:08,1548,1316,0.874,0.847,21,Mild
-09ddb16117714746a764,2025-06-11 03:00:09,1531,1533,0.887,0.694,19,Mild
-9b76aacf7b8740c395bb,2025-06-10 18:00:10,1584,1336,0.848,0.83,10,Mild
-d2ce4161e8bc477a9902,2025-06-11 01:00:11,1464,1506,0.941,0.711,17,Mild
-f4dcf63d7586456fa22f,2025-06-10 16:00:12,1739,1301,0.746,0.859,8,Mild
-e120f635585d458aaf6e,2025-06-10 16:00:13,1681,1636,0.782,0.636,8,Mild
-78e1cafcb312424f9d24,2025-06-10 18:00:14,1688,1670,0.778,0.619,10,Mild
-c193cda3897b49509cc7,2025-06-10 17:00:15,1423,1403,0.977,0.78,9,Mild
-fa2501cf443b409db5e2,2025-06-10 23:00:16,1630,1503,0.816,0.713,15,Mild
-0b1d114997c04a689026,2025-06-10 11:00:17,1277,1710,1.122,0.599,3,Mild
-ea5323f37ae64da49cf8,2025-06-11 06:00:18,1355,1750,1.04,0.58,22,Mild
-ba425d09229047c59294,2025-06-11 07:00:19,1291,1551,1.106,0.684,23,Mild
-efd0ad0aeddb46bba35e,2025-06-11 01:00:20,1391,2459,1.006,0.347,17,Foul
-a94691f66f09486e88bc,2025-06-10 21:00:21,1479,2295,0.929,0.388,13,Foul
-f409cf974d9e478a88eb,2025-06-10 17:00:22,1781,2165,0.722,0.425,9,Foul
-083099bbbcb74f6aa585,2025-06-11 03:00:23,1473,2387,0.934,0.364,19,Foul
-26bed3d7470848b6b169,2025-06-11 01:00:24,1891,1966,0.663,0.491,17,Foul
-5777b836b8ac462b84ea,2025-06-10 15:00:25,1559,2416,0.866,0.357,7,Foul
-f20dab3e79a941dfa177,2025-06-11 03:00:26,1809,2468,0.706,0.345,19,Foul
-e986b85e65cd470185d6,2025-06-11 03:00:27,1777,2263,0.724,0.397,19,Foul
-6cb02658b3254b5995cf,2025-06-11 05:00:28,1456,2454,0.948,0.348,21,Foul
-32c27f6593144c4fb4ce,2025-06-11 02:00:29,1985,2538,0.618,0.329,18,Foul
-19690fe8272e46928765,2025-06-11 01:00:30,1624,2200,0.82,0.415,17,Foul
-6136d9e3889c4184b8ee,2025-06-10 18:00:31,1895,1943,0.661,0.5,10,Foul
-566b04a1d538447cb1ef,2025-06-11 04:00:32,1627,1906,0.818,0.514,20,Foul
-ef9188669e304bbcacfa,2025-06-11 03:00:33,1806,1917,0.708,0.51,19,Foul
-af7a09eb695e46fbb82d,2025-06-10 10:00:34,1630,1987,0.816,0.484,2,Foul
-b7493412148a4128b64c,2025-06-10 09:00:35,1859,2403,0.68,0.361,1,Foul
-5b5d155dddb94aeea884,2025-06-10 17:00:36,1875,2318,0.671,0.382,9,Foul
-ff31d0a98d0d4ee5b1a5,2025-06-11 02:00:37,1862,2152,0.678,0.429,18,Foul
-c7fce8cd0f164510bfc6,2025-06-11 07:00:38,1676,2498,0.785,0.338,23,Foul
-96f64aba378d4fb49913,2025-06-10 14:00:39,1450,2242,0.953,0.403,6,Foul
-78914ed14fe149309c3b,2025-06-11 00:00:40,1512,1861,0.902,0.532,16,Foul
-9778200f8070449590f9,2025-06-10 18:00:41,2044,2331,0.592,0.379,10,Foul
-f347a3f75c614b16ad9c,2025-06-11 06:00:42,1403,2148,0.995,0.43,22,Foul
-6f8700d4c9384412b9a2,2025-06-11 03:00:43,1948,2227,0.635,0.407,19,Foul
-cec1152a3a6e4698a790,2025-06-11 03:00:44,1393,1955,1.004,0.495,19,Foul
-029bc1255289485d9d9e,2025-06-10 18:00:45,1874,2445,0.672,0.35,10,Foul
-26cf2714aa404cfb87b1,2025-06-10 18:00:46,1616,2086,0.825,0.45,10,Foul
-e4e0eab7a52d41b69ae2,2025-06-10 16:00:47,1355,1888,1.04,0.521,8,Foul
-2490b83eee84463b8fef,2025-06-10 10:00:48,1806,1888,0.708,0.521,2,Foul
-8357aa8e57a84e9d8425,2025-06-11 03:00:49,1780,2296,0.723,0.388,19,Foul
-bbe28f69d6c940fe9381,2025-06-11 03:00:50,1978,2099,0.621,0.446,19,Foul
-80ebfec168ed45069c69,2025-06-11 07:00:51,1732,2618,0.751,0.312,23,Foul
-5645d2e1c9c54d879d83,2025-06-11 07:00:52,1689,2500,0.777,0.338,23,Foul
-6c7a40a5bef3480d9610,2025-06-10 22:00:53,1661,1858,0.795,0.533,14,Foul
-f079eebe1ef0498f9e24,2025-06-11 02:00:54,1941,2167,0.639,0.425,18,Foul
-aa4a8f42d83947f5b8f2,2025-06-11 05:00:55,1718,2024,0.759,0.471,21,Foul
-68257a413b614c859fcf,2025-06-11 03:00:56,1756,2110,0.736,0.442,19,Foul
-3cb0b15ebe344f47acab,2025-06-10 16:00:57,1856,2077,0.681,0.453,8,Foul
-2251c4d9e8b44111bd6d,2025-06-10 18:00:58,1491,2000,0.919,0.479,10,Foul
-b2fe88129bb84626873d,2025-06-10 13:00:59,1919,2323,0.649,0.381,5,Foul
-37f40b290a174966bd49,2025-06-11 05:00:00,1676,1933,0.785,0.504,21,Foul
-c76f9c69218d4f5db360,2025-06-11 00:00:01,1723,2342,0.756,0.376,16,Foul
-24ecea48477e46c982db,2025-06-10 16:00:02,1480,2338,0.928,0.377,8,Foul
-40b54945c924486d8c53,2025-06-11 01:00:03,1512,1992,0.902,0.482,17,Foul
-ef42cab7441b4796b4d8,2025-06-11 01:00:04,1715,2296,0.761,0.388,17,Foul
-fe450f6e05744ceea744,2025-06-10 17:00:05,1703,2259,0.768,0.398,9,Foul
-a5007e165f4340d6bbf7,2025-06-10 13:00:06,1771,1868,0.728,0.529,5,Foul
-e86b1824689343c5b9cc,2025-06-11 01:00:07,1497,2456,0.914,0.348,17,Foul
-db20fdd310224468bc7a,2025-06-10 20:00:08,1782,1927,0.721,0.506,12,Foul
-b6c9ccc583244798922f,2025-06-11 02:00:09,1731,2135,0.751,0.434,18,Foul
-472c2ef6ba934f4cb88f,2025-06-10 20:00:10,1373,1927,1.023,0.506,12,Foul
-43e99b7fe0fa4521b3bb,2025-06-11 03:00:11,1784,2398,0.72,0.362,19,Foul
-3f0d97ef67cd4caaa612,2025-06-10 22:00:12,1471,2123,0.935,0.438,14,Foul
-19fe114d8b2444cb9e49,2025-06-10 22:00:13,1660,2199,0.796,0.415,14,Foul
-3da52745df4647f7997c,2025-06-11 03:00:14,1851,1882,0.684,0.523,19,Foul
-44e5f07e4db04413b33f,2025-06-10 18:00:15,1521,2303,0.895,0.386,10,Foul
-c42b18c2f95a4c01bbb1,2025-06-10 14:00:16,1564,2194,0.863,0.417,6,Foul
-16a13fd8b20e452aae26,2025-06-10 09:00:17,1733,2233,0.75,0.405,1,Foul
-cbf63731965e40b6b900,2025-06-11 02:00:18,1373,2001,1.023,0.479,18,Foul
-fcd86ee63a624514b4ee,2025-06-11 01:00:19,1906,1740,0.656,0.585,17,Foul
-c21e32fc87a74301a243,2025-06-11 01:00:20,1839,2004,0.69,0.478,17,Foul
-cde855f3f8f0407bbf98,2025-06-10 16:00:21,1958,2032,0.63,0.468,8,Foul
-d4b1a9862d7a4e3d8514,2025-06-10 14:00:22,1892,2332,0.663,0.378,6,Foul
-568b78b533164298993b,2025-06-10 08:00:23,1736,1847,0.748,0.538,0,Foul
-8dbb75a176c24a62919e,2025-06-10 17:00:24,1987,2190,0.617,0.418,9,Foul
-88d4a02a8d10435683e9,2025-06-11 00:00:25,1470,2272,0.936,0.394,16,Foul
-9ee265cbc8c74a968d7f,2025-06-10 18:00:26,1761,2300,0.734,0.387,10,Foul
-3c7ee69054b84bada829,2025-06-10 18:00:27,1888,1929,0.665,0.505,10,Foul
-4a5f50076c564f9bafaf,2025-06-11 03:00:28,1971,2284,0.624,0.391,19,Foul
-f4d8a19142a04a67b40a,2025-06-10 17:00:29,1405,2373,0.993,0.368,9,Foul
-a2dd61ecec7b448ab234,2025-06-10 20:00:30,1600,1905,0.837,0.514,12,Foul
-78d7bb6ecd2e44799fb1,2025-06-11 02:00:31,1604,2266,0.834,0.396,18,Foul
-0650aaac84bc4dc5b567,2025-06-10 18:00:32,1793,2272,0.715,0.394,10,Foul
-10f80bd3dadc4d5f8e7f,2025-06-11 01:00:33,1919,1879,0.649,0.525,17,Foul
-798321b86946491ab393,2025-06-11 03:00:34,1543,1991,0.878,0.482,19,Foul
-4314b42b05384551af9c,2025-06-11 05:00:35,1544,1822,0.877,0.548,21,Foul
-50754dace83b498c92f3,2025-06-10 14:00:36,1434,2081,0.967,0.452,6,Foul
-cb1ff162cd6d42478a9c,2025-06-11 04:00:37,1738,2391,0.747,0.363,20,Foul
-3fac806a7263411e8d32,2025-06-10 19:00:38,1898,2404,0.66,0.36,11,Foul
-1542931ca78b4b4ba8ed,2025-06-10 16:00:39,1495,2241,0.916,0.403,8,Foul
-737f7eb5ca214df88a5c,2025-06-10 18:00:40,1841,2413,0.689,0.358,10,Foul
-a14d1786a2e64505b720,2025-06-11 07:00:41,1563,1990,0.863,0.483,23,Foul
-88b0a5e5f44c4b2aa152,2025-06-10 19:00:42,1809,2316,0.706,0.383,11,Foul
-661dc5cdce8942e3a96e,2025-06-10 17:00:43,1829,1904,0.695,0.515,9,Foul
-092cb69a383546bc9b4b,2025-06-11 01:00:44,1943,2140,0.638,0.433,17,Foul
-5af2e824230f46dbbefa,2025-06-10 16:00:45,1714,1878,0.762,0.525,8,Foul
-4fddd7b84e0547238630,2025-06-10 11:00:46,1561,2212,0.865,0.411,3,Foul
-271af9c41c214a1797a0,2025-06-10 13:00:47,2012,2385,0.606,0.365,5,Foul
-308d6acfa4a44fcd8c65,2025-06-10 13:00:48,1917,2326,0.65,0.38,5,Foul
-1a5d7c4f583243cd96c2,2025-06-10 14:00:49,1465,1914,0.94,0.511,6,Foul
-18ff4f5b106645538c37,2025-06-10 14:00:50,1445,2274,0.958,0.394,6,Foul
-843ee68d4b9a4c71a138,2025-06-11 01:00:51,1786,2424,0.719,0.355,17,Foul
-5c6a288adf5848a19223,2025-06-10 16:00:52,1932,1862,0.643,0.531,8,Foul
-9bde7314e43a4578b742,2025-06-10 17:00:53,1381,2064,1.015,0.457,9,Foul
-d08d545446ae49379fb9,2025-06-11 03:00:54,1557,1882,0.868,0.523,19,Foul
-2b1404fd0c944f0ab94d,2025-06-10 18:00:55,1404,1831,0.994,0.544,10,Foul
-8e59156ae9754e3fb202,2025-06-11 01:00:56,1439,1850,0.963,0.536,17,Foul
-4f7a636ca9e64fc4a04d,2025-06-10 15:00:57,1794,2588,0.715,0.318,7,Foul
-32f6723e9ca444a39faf,2025-06-10 16:00:58,1583,2218,0.849,0.41,8,Foul
-5f7aa6b84ce143a9bcad,2025-06-10 09:00:59,1979,1975,0.621,0.488,1,Foul
-46e282ed7a634685862c,2025-06-10 15:00:00,1762,2231,0.733,0.406,7,Foul
-384848f657474f82a816,2025-06-10 17:00:01,1844,2006,0.687,0.477,9,Foul
-501688e415c64aad9ec1,2025-06-10 15:00:02,1549,2328,0.874,0.379,7,Foul
-e398401b259e40249593,2025-06-10 11:00:03,1793,1919,0.715,0.509,3,Foul
-c5c8969ffa9f439e9f54,2025-06-10 13:00:04,1770,2462,0.728,0.346,5,Foul
-19bf3f51846a4d609372,2025-06-10 18:00:05,1733,2195,0.75,0.416,10,Foul
-e4fb5327f8dd4ffeb7b7,2025-06-10 16:00:06,1872,2430,0.673,0.354,8,Foul
-1d4dc3aa1582425eb774,2025-06-10 17:00:07,1569,2025,0.859,0.47,9,Foul
-235f752ec4594668bd15,2025-06-10 20:00:08,1979,2256,0.621,0.399,12,Foul
-a4bb7cf4890c4ef390db,2025-06-11 01:00:09,1500,2315,0.912,0.383,17,Foul
-b63e8547cce349ef8191,2025-06-10 09:00:10,1838,1884,0.691,0.523,1,Foul
-48e84bec115742b1a0dd,2025-06-11 02:00:11,1502,2378,0.91,0.367,18,Foul
-e032041e754e47aa8c37,2025-06-11 01:00:12,1799,2192,0.712,0.417,17,Foul
-1c125e16fca34246b6b7,2025-06-10 11:00:13,1933,1943,0.642,0.5,3,Foul
-6b1734d65e704568b08c,2025-06-11 03:00:14,1435,2242,0.966,0.403,19,Foul
-66a6b2b4d54a49dfa4e6,2025-06-11 04:00:15,1661,2378,0.795,0.367,20,Foul
-a85be4f1c6ac41959d5c,2025-06-10 10:00:16,1704,2117,0.768,0.44,2,Foul
-35efa5b450704115839a,2025-06-10 16:00:17,1528,2424,0.89,0.355,8,Foul
-02b4a508de294524bb67,2025-06-11 02:00:18,1655,2159,0.799,0.427,18,Foul
-ba6459e35ffe4346930b,2025-06-11 02:00:19,1811,2387,0.705,0.364,18,Foul
-9685ceac03cf493d8337,2025-06-10 16:00:20,1826,2193,0.697,0.417,8,Foul
-1165009ed6c14e1184cd,2025-06-10 16:00:21,1722,2226,0.757,0.407,8,Foul
-1937d5875cad41bea69e,2025-06-10 17:00:22,1602,1867,0.835,0.529,9,Foul
-1075347ea0354a718af1,2025-06-10 19:00:23,1600,2198,0.837,0.415,11,Foul
-1ff4150f935d4ae1beda,2025-06-11 01:00:24,1824,1955,0.698,0.495,17,Foul
-f18212c40aef42e48d67,2025-06-10 17:00:25,1377,2115,1.019,0.441,9,Foul
-a23ec923304a4836ac0d,2025-06-10 18:00:26,1670,2133,0.789,0.435,10,Foul
-af946bd8fdfa47c38452,2025-06-11 02:00:27,1846,2067,0.686,0.456,18,Foul
-761a4a88ecdb4788a7b0,2025-06-10 09:00:28,1789,2072,0.717,0.455,1,Foul
-73c8c04550a84437b587,2025-06-10 16:00:29,1725,2459,0.755,0.347,8,Foul
-f211cc227b7f410a9cff,2025-06-11 02:00:30,1868,1817,0.675,0.55,18,Foul
-6c07ceb79a294a80924e,2025-06-11 03:00:31,1654,2582,0.8,0.32,19,Foul
-ea27fbbc0a6e4d1585e3,2025-06-10 20:00:32,2023,2327,0.601,0.38,12,Foul
-357ed0b5bb3d4962b1d1,2025-06-10 21:00:33,1553,2464,0.871,0.346,13,Foul
-735c0e6825404088a703,2025-06-10 12:00:34,1592,2040,0.842,0.465,4,Foul
-76f602bb7d41497ab2da,2025-06-10 18:00:35,1431,1957,0.97,0.495,10,Foul
-32519c23bbd849be85fd,2025-06-10 21:00:36,1572,2036,0.857,0.467,13,Foul
-258691a6dd7f4894ad3f,2025-06-10 16:00:37,1550,1962,0.873,0.493,8,Foul
-846b9e86fd5d4a3bb8cc,2025-06-10 16:00:38,1389,1873,1.008,0.527,8,Foul
-4cc9ef425904494ab601,2025-06-10 17:00:39,1381,2514,1.015,0.335,9,Foul
-9c9c9f1dd6234a949515,2025-06-10 08:00:40,1455,2499,0.949,0.338,0,Foul
-2d76960874324fb9bdc6,2025-06-10 17:00:41,1916,1776,0.651,0.568,9,Foul
-531cef57d1be4f5db43c,2025-06-10 16:00:42,1500,2122,0.912,0.438,8,Foul
-515ae145703a4c34a84e,2025-06-10 17:00:43,1716,1919,0.76,0.509,9,Foul
-ff8ca40013d849878b0f,2025-06-10 13:00:44,1661,2473,0.795,0.344,5,Foul
-cfc0d4e428c047fcba74,2025-06-11 03:00:45,1972,1977,0.624,0.487,19,Foul
-1db4807e7e2b4c579fc4,2025-06-11 00:00:46,1468,1854,0.938,0.535,16,Foul
-1b93cce0ea46467e87c8,2025-06-11 01:00:47,1508,2466,0.905,0.345,17,Foul
-a170eb4d6fa74f47b8e1,2025-06-11 02:00:48,1689,2228,0.777,0.407,18,Foul
-7bc589f7c6f74f42b0ff,2025-06-10 19:00:49,1801,2179,0.711,0.421,11,Foul
-5295e09eb9cf4368996f,2025-06-10 11:00:50,1933,2329,0.642,0.379,3,Foul
-e86d4f808b2948ef8493,2025-06-10 21:00:51,1395,2502,1.002,0.337,13,Foul
-00972ee460ea4ff8bc56,2025-06-10 23:00:52,1927,1780,0.645,0.566,15,Foul
-cc51496e6a7b4204af64,2025-06-11 02:00:53,1661,2355,0.795,0.373,18,Foul
-0c2f05feec7e4c72b624,2025-06-10 18:00:54,1848,2481,0.685,0.342,10,Foul
-c6e14195fa61419daeb2,2025-06-10 13:00:55,1471,2054,0.935,0.461,5,Foul
-ada2d4ee107e4f549966,2025-06-10 17:00:56,1551,2332,0.872,0.378,9,Foul
-43c6f7400b3c43d49eda,2025-06-10 17:00:57,1520,2281,0.896,0.392,9,Foul
-ab1ac4ef04454c199a15,2025-06-11 01:00:58,2079,1919,0.577,0.509,17,Foul
-f823157bbca54ca88f17,2025-06-10 23:00:59,1887,2110,0.665,0.442,15,Foul
-9c07aab96f0949398734,2025-06-10 17:00:00,1793,2134,0.715,0.435,9,Foul
-699fb3d526ec452d9139,2025-06-11 07:00:01,1496,2043,0.915,0.464,23,Foul
-2d3094876ba642a9946a,2025-06-11 00:00:02,1581,2019,0.85,0.472,16,Foul
-b0623c38f8f747ad9baf,2025-06-10 16:00:03,1683,2045,0.781,0.464,8,Foul
-10347e56ff3c4ac9aa3e,2025-06-10 12:00:04,1734,2114,0.749,0.441,4,Foul
-2fce9630dabd41a998da,2025-06-10 14:00:05,1515,2411,0.9,0.359,6,Foul
-d16ad4901c244dc1a26b,2025-06-10 16:00:06,1645,2083,0.806,0.451,8,Foul
-3e7803afe95f46a7bf84,2025-06-10 15:00:07,1853,1847,0.683,0.538,7,Foul
-452969a44e20429d8ec2,2025-06-10 16:00:08,1477,1952,0.93,0.496,8,Foul
-9c58e572ff104286af75,2025-06-10 17:00:09,1683,2127,0.781,0.437,9,Foul
-9f30482e94894b9a93e1,2025-06-10 15:00:10,1590,2206,0.844,0.413,7,Foul
-383bdd4f72134c56af55,2025-06-11 03:00:11,1825,1855,0.698,0.534,19,Foul
-bff1351e92f94ed5aa57,2025-06-10 11:00:12,1969,2555,0.625,0.326,3,Foul
-ffc1e2d76b0f4b94b22a,2025-06-10 21:00:13,1901,2539,0.658,0.329,13,Foul
-40710333688f481b9d65,2025-06-10 18:00:14,1622,2041,0.821,0.465,10,Foul
-aa3488d01a5c4a918846,2025-06-11 07:00:15,1386,2196,1.011,0.416,23,Foul
-f0fe7762badc453f9de1,2025-06-10 13:00:16,1687,2031,0.778,0.468,5,Foul
-244c07db8c72455094d8,2025-06-10 18:00:17,1673,2550,0.787,0.327,10,Foul
-b9373e48a9be44ceaae5,2025-06-11 06:00:18,1376,2343,1.02,0.376,22,Foul
-ea54206081054705b2fd,2025-06-11 03:00:19,2014,1892,0.605,0.519,19,Foul
-4649dfc742d34af19423,2025-06-11 03:00:20,1421,2101,0.979,0.445,19,Foul
-9d97923f4b5a4de58322,2025-06-10 16:00:21,1652,2175,0.801,0.422,8,Foul
-564485f3c6824d9197bf,2025-06-10 15:00:22,1932,1766,0.643,0.573,7,Foul
-cbae06b1b73a4f38b08a,2025-06-11 01:00:23,1523,2172,0.894,0.423,17,Foul
-75993a8db3c44bd28df7,2025-06-11 04:00:24,1800,2283,0.711,0.391,20,Foul
-ced8bd86d7e84f78921f,2025-06-10 22:00:25,1784,1887,0.72,0.521,14,Foul
-3fa3c34a316c4af19338,2025-06-10 23:00:26,2014,1996,0.605,0.481,15,Foul
-c09318ff77ed477ea08e,2025-06-10 17:00:27,1916,2440,0.651,0.352,9,Foul
-6d8b3a10fddd4477809e,2025-06-11 02:00:28,1903,2327,0.657,0.38,18,Foul
-91959dfc90dd4ba4a942,2025-06-10 16:00:29,1883,1831,0.667,0.544,8,Foul
-dee856bfc9cf4bbb99df,2025-06-10 17:00:30,1412,1977,0.987,0.487,9,Foul
-884b5bd3cfde40649dea,2025-06-10 18:00:31,1740,2044,0.746,0.464,10,Foul
-33b46d3fb8c14a61afa5,2025-06-10 20:00:32,1842,2239,0.688,0.404,12,Foul
-29e5e1644b86445ca2ae,2025-06-10 16:00:33,1767,2193,0.73,0.417,8,Foul
-9c685847641c42519928,2025-06-10 13:00:34,1859,2538,0.68,0.329,5,Foul
-9819b376f2914fe5bf26,2025-06-11 00:00:35,1434,2564,0.967,0.324,16,Foul
-9d351f4b4c7b44e7adad,2025-06-10 17:00:36,1737,2423,0.748,0.356,9,Foul
-7a3271b6c2714a79a562,2025-06-10 23:00:37,1650,2197,0.802,0.416,15,Foul
-4225a9ae59fb4c938ea9,2025-06-10 14:00:38,1716,2272,0.76,0.394,6,Foul
-198854850d4b4524b95e,2025-06-10 19:00:39,1927,2289,0.645,0.39,11,Foul
-65260fff411f48ccbb7e,2025-06-10 21:00:40,2001,1987,0.611,0.484,13,Foul
-f588c2d904874da7ba93,2025-06-10 10:00:41,1680,2501,0.783,0.337,2,Foul
-0a5592b6a7334fdc9b59,2025-06-10 17:00:42,1945,1946,0.637,0.499,9,Foul
-1db1508d828e4fe887f4,2025-06-10 14:00:43,1621,2021,0.822,0.472,6,Foul
-be2cb79e1f49478995b7,2025-06-10 10:00:44,1870,2158,0.674,0.427,2,Foul
-e3c9ada57a714b2082b3,2025-06-11 07:00:45,1535,2145,0.884,0.431,23,Foul
-053717677181477ba894,2025-06-10 17:00:46,1669,2014,0.79,0.474,9,Foul
-888f25f219454ef881f7,2025-06-11 02:00:47,1832,2276,0.694,0.393,18,Foul
-84b33e092e19409198bb,2025-06-10 16:00:48,1936,2280,0.641,0.392,8,Foul
-b2e7fe8d6c864aa8a78f,2025-06-11 01:00:49,1938,2290,0.64,0.39,17,Foul
-74612d64a69b49a48753,2025-06-11 02:00:50,1607,2255,0.832,0.399,18,Foul
-ec20231402924e0e98e6,2025-06-11 00:00:51,1593,1940,0.842,0.501,16,Foul
-3bd31294eaf847299c30,2025-06-10 18:00:52,1852,2400,0.683,0.361,10,Foul
-870bec5ffe4142588f2b,2025-06-10 18:00:53,1887,2397,0.665,0.362,10,Foul
-50587da5c86548be9146,2025-06-10 17:00:54,1669,2555,0.79,0.326,9,Foul
-9ec619001d0b4c0f8b11,2025-06-11 04:00:55,1944,2107,0.637,0.443,20,Foul
-58a2dfd81e934ec9972c,2025-06-11 03:00:56,1990,1904,0.616,0.515,19,Foul
-f180077c28b54f548390,2025-06-11 06:00:57,1349,2022,1.046,0.471,22,Foul
-6390ec82fd3146bbb524,2025-06-10 13:00:58,2037,2366,0.595,0.37,5,Foul
-12229eb730674c56aa6f,2025-06-11 02:00:59,1775,2419,0.725,0.357,18,Foul
-8dfaa9669dee4bcb9c01,2025-06-11 05:00:00,1545,1920,0.877,0.509,21,Foul
-8b00d1932057492d9cde,2025-06-10 16:00:01,1540,2195,0.881,0.416,8,Foul
-fb229ecc71df45a7a5fb,2025-06-10 10:00:02,1558,2125,0.867,0.438,2,Foul
-5389a47192d34bbfa96d,2025-06-11 02:00:03,1439,1895,0.963,0.518,18,Foul
-ff544e872abd46349c14,2025-06-10 23:00:04,1746,2103,0.742,0.444,15,Foul
-87a9575abc804b9890ac,2025-06-11 03:00:05,1553,1965,0.871,0.492,19,Foul
-4c9d2579248e4a238a85,2025-06-10 14:00:06,1852,1988,0.683,0.483,6,Foul
-ee9c154008ed486eb8ad,2025-06-11 02:00:07,1417,2467,0.982,0.345,18,Foul
-219cce8f221441239374,2025-06-10 16:00:08,1908,2318,0.655,0.382,8,Foul
-d4e999398bf64126b2d1,2025-06-10 15:00:09,1668,2000,0.791,0.479,7,Foul
-d276064fca6347228e84,2025-06-10 15:00:10,1544,1965,0.877,0.492,7,Foul
-dee07f8277094137a3be,2025-06-11 03:00:11,1565,2291,0.862,0.389,19,Foul
-28400d64bd4249d2b266,2025-06-11 01:00:12,1736,2129,0.748,0.436,17,Foul
-e7d9cba657dd413b8368,2025-06-10 21:00:13,1789,1936,0.717,0.502,13,Foul
-0a19ae24b2d8491e8223,2025-06-10 17:00:14,1871,1815,0.673,0.551,9,Foul
-c42a9268b7fd44a7b854,2025-06-11 03:00:15,1600,2348,0.837,0.374,19,Foul
-3e1fed5f06ed4643a07c,2025-06-10 18:00:16,1553,2355,0.871,0.373,10,Foul
-bb92b86980ff47d5af38,2025-06-11 03:00:17,1971,1791,0.624,0.562,19,Foul
-d8fd2e1862c740f7a2cf,2025-06-10 18:00:18,1528,1841,0.89,0.54,10,Foul
-caf9481c6f164b2e8074,2025-06-10 17:00:19,1506,2305,0.907,0.386,9,Foul
-f2a17cf08c2b4738bf58,2025-06-10 18:00:20,1350,1837,1.045,0.542,10,Foul
-7c1a8c22338a468fbb24,2025-06-10 17:00:21,1847,2036,0.686,0.467,9,Foul
-fa1bb059391349b48b1e,2025-06-11 02:00:22,1700,2521,0.77,0.333,18,Foul
-606fb385a3da4c1998a6,2025-06-10 20:00:23,1418,1829,0.981,0.545,12,Foul
-ea37fa97c5284b83aa9e,2025-06-10 16:00:24,1603,2179,0.834,0.421,8,Foul
-57d90417f2bf4586ab65,2025-06-11 03:00:25,1666,2329,0.792,0.379,19,Foul
-840587114c0d45f498bd,2025-06-10 18:00:26,1458,2362,0.946,0.371,10,Foul
-aea58f054ab24558a7bf,2025-06-10 21:00:27,1472,2016,0.935,0.473,13,Foul
-699216fd4bef45d69c29,2025-06-11 03:00:28,1499,2276,0.913,0.393,19,Foul
-6f288ccf48bc48d4a419,2025-06-11 01:00:29,1743,2380,0.744,0.366,17,Foul
-ff04293088644747b122,2025-06-10 13:00:30,2410,2506,0.458,0.336,5,Very Foul
-afc446aaebfa49348e59,2025-06-11 05:00:31,2477,3269,0.437,0.205,21,Very Foul
-cf40d3f16dad4e0c9698,2025-06-11 01:00:32,3006,2902,0.309,0.259,17,Very Foul
-7147067783b04b4dbfcb,2025-06-10 17:00:33,1777,3352,0.724,0.194,9,Very Foul
-6bb9e73e55194bd6908f,2025-06-10 14:00:34,1730,3463,0.752,0.18,6,Very Foul
-b42e1a007ed0495fa6ec,2025-06-11 02:00:35,2483,2730,0.436,0.29,18,Very Foul
-3beb309f91b245de8124,2025-06-11 01:00:36,2519,2809,0.425,0.275,17,Very Foul
-12d63ee3ad024b88a37c,2025-06-10 21:00:37,2779,2538,0.358,0.329,13,Very Foul
-32698dcbccb849dcb763,2025-06-11 03:00:38,2612,3024,0.4,0.24,19,Very Foul
-3b27fba8aa66460c89a0,2025-06-11 02:00:39,1517,2908,0.898,0.258,18,Very Foul
-7506d86b0b9543bc9c77,2025-06-10 14:00:40,2330,2935,0.483,0.254,6,Very Foul
-968c57d7dfa24f79af6b,2025-06-10 17:00:41,2011,2537,0.606,0.329,9,Very Foul
-19471046bd714daf9aeb,2025-06-10 16:00:42,1486,3246,0.923,0.208,8,Very Foul
-644c62407db2491abf02,2025-06-11 02:00:43,2162,3440,0.544,0.183,18,Very Foul
-453603d582a6410e8a52,2025-06-10 09:00:44,2732,2855,0.369,0.267,1,Very Foul
-f63314aacfa84af19dd2,2025-06-10 23:00:45,1735,3268,0.749,0.205,15,Very Foul
-5d08583c15e04dd8afcb,2025-06-11 02:00:46,1837,3061,0.691,0.234,18,Very Foul
-7e03a7fd7c9946189ba9,2025-06-11 03:00:47,2508,2740,0.428,0.288,19,Very Foul
-28950f36111e49fcb44e,2025-06-10 17:00:48,1772,2996,0.727,0.244,9,Very Foul
-ee5fd1fcf6a84a8599bf,2025-06-11 03:00:49,2738,2945,0.368,0.252,19,Very Foul
-19038149b1a6450cbca3,2025-06-10 12:00:50,1679,2744,0.784,0.287,4,Very Foul
-0f6f2949f6f44eab98cd,2025-06-11 03:00:51,3082,3269,0.295,0.205,19,Very Foul
-64d10b4d966c435c95ff,2025-06-10 13:00:52,1698,2802,0.772,0.277,5,Very Foul
-58c0309188cf4cd79d02,2025-06-10 18:00:53,2241,3481,0.514,0.178,10,Very Foul
-577943553aa54da1a57d,2025-06-11 02:00:54,1552,3299,0.871,0.201,18,Very Foul
-b7842dff6884402b9d46,2025-06-10 14:00:55,2766,3571,0.361,0.168,6,Very Foul
-da77434ce2b044439d4a,2025-06-10 16:00:56,2350,3180,0.477,0.217,8,Very Foul
-68bca9ca00d7425db22f,2025-06-11 02:00:57,2705,2865,0.376,0.266,18,Very Foul
-78a42a4a0dde431f91c3,2025-06-11 02:00:58,1795,3018,0.714,0.241,18,Very Foul
-12b1f380812a4cc7b8ae,2025-06-11 01:00:59,2220,2574,0.522,0.321,17,Very Foul
-d2a98665dfc947889b80,2025-06-11 01:00:00,2546,3150,0.418,0.221,17,Very Foul
-4b8157fb0d184f8cad31,2025-06-10 21:00:01,2652,3344,0.389,0.195,13,Very Foul
-d3e0a45049a748dca02f,2025-06-10 16:00:02,2766,2684,0.361,0.299,8,Very Foul
-b9c9e0ff448e4408acc7,2025-06-10 17:00:03,2441,3230,0.448,0.21,9,Very Foul
-d5f5e5635e484125be50,2025-06-10 16:00:04,1925,3245,0.646,0.208,8,Very Foul
-1124a11da67649a6acd1,2025-06-11 03:00:05,3055,2717,0.3,0.293,19,Very Foul
-1cc9f074759e4556bca2,2025-06-10 23:00:06,2057,3184,0.586,0.216,15,Very Foul
-d2bec3e23c894d848923,2025-06-10 18:00:07,1711,3197,0.763,0.214,10,Very Foul
-583761a895474dac9ef9,2025-06-10 18:00:08,2583,2715,0.408,0.293,10,Very Foul
-b75496d66f2144ed9a2f,2025-06-11 05:00:09,2188,2549,0.534,0.327,21,Very Foul
-4599476ed76146e7a915,2025-06-10 14:00:10,2639,2644,0.393,0.307,6,Very Foul
-75d2b5e5bf194f339067,2025-06-10 23:00:11,2833,2829,0.346,0.272,15,Very Foul
-09da1061522f4728992c,2025-06-10 20:00:12,1550,3135,0.873,0.223,12,Very Foul
-9e45e47cb8094881a0ee,2025-06-11 01:00:13,2587,3355,0.406,0.194,17,Very Foul
-585cd309164341ca9579,2025-06-10 08:00:14,2648,3112,0.39,0.226,0,Very Foul
-5b357259f98248669fd5,2025-06-11 03:00:15,2240,2842,0.515,0.27,19,Very Foul
-2e69336500454ccbbaba,2025-06-11 04:00:16,2199,3619,0.53,0.163,20,Very Foul
-933ef4b1cf9d4b9aac44,2025-06-10 22:00:17,1949,2890,0.635,0.261,14,Very Foul
-37d05dccc5ad4108b7d5,2025-06-11 01:00:18,1803,3016,0.71,0.241,17,Very Foul
-6160f0bb5f5f41848c5a,2025-06-11 04:00:19,3033,3161,0.304,0.219,20,Very Foul
-656ef93dc5d0443c92a2,2025-06-11 01:00:20,2635,3179,0.394,0.217,17,Very Foul
-b8f322b5cf974a45bbd3,2025-06-10 14:00:21,2846,2881,0.343,0.263,6,Very Foul
-f43920e989654cb588c2,2025-06-10 23:00:22,1703,3605,0.768,0.164,15,Very Foul
-8639fc2d5f6446888100,2025-06-11 00:00:23,2506,3066,0.429,0.233,16,Very Foul
-71614c90bb0948f3ab44,2025-06-10 18:00:24,2865,3615,0.339,0.163,10,Very Foul
-7604f216fb40410e8387,2025-06-11 02:00:25,2411,2582,0.457,0.32,18,Very Foul
-56260575c1e444c29ecc,2025-06-11 05:00:26,1615,2660,0.826,0.304,21,Very Foul
-2ecbb54489184675b7ad,2025-06-11 04:00:27,2264,2629,0.506,0.31,20,Very Foul
-0fff1f6326fe4d80b4e8,2025-06-10 18:00:28,3051,3037,0.3,0.238,10,Very Foul
-8ba64c0641324ea18798,2025-06-10 13:00:29,2332,2760,0.483,0.284,5,Very Foul
-c0b5221cbdf74410b32d,2025-06-11 07:00:30,2399,2838,0.461,0.27,23,Very Foul
-11da28d5dc9447bb8e3f,2025-06-11 03:00:31,2387,3350,0.465,0.194,19,Very Foul
-5af539e1836c421fab1b,2025-06-10 13:00:32,2336,2666,0.481,0.302,5,Very Foul
-6dfd86a0569d415d8c1e,2025-06-11 04:00:33,1658,3617,0.797,0.163,20,Very Foul
-d3426496e1e049deb8dc,2025-06-11 03:00:34,2408,3431,0.458,0.184,19,Very Foul
-98ce7e1dab7047e39495,2025-06-10 20:00:35,1608,3315,0.831,0.199,12,Very Foul
-64837cc1291c452381e2,2025-06-11 00:00:36,2130,3415,0.556,0.186,16,Very Foul
-480e1ff9c68f42318e36,2025-06-10 18:00:37,1784,3083,0.72,0.231,10,Very Foul
-4d1efc30e1a14e9c814b,2025-06-10 10:00:38,2602,3343,0.402,0.195,2,Very Foul
-2103293c2ff64f409fb5,2025-06-10 17:00:39,1772,2620,0.727,0.312,9,Very Foul
-3a365a7bbdeb4dcf9b31,2025-06-11 02:00:40,1543,3190,0.878,0.215,18,Very Foul
-4de5fab55e3a46caaf51,2025-06-10 08:00:41,2566,2914,0.412,0.257,0,Very Foul
-b52d5faab4e34ad7a764,2025-06-10 17:00:42,2054,3325,0.587,0.197,9,Very Foul
-7d22b15335d24c5bba75,2025-06-10 18:00:43,2075,2918,0.579,0.257,10,Very Foul
-c11ce3975b2c4d019073,2025-06-10 21:00:44,2385,3200,0.466,0.214,13,Very Foul
-3335891c62e94baaa273,2025-06-11 04:00:45,1837,2740,0.691,0.288,20,Very Foul
-deba2afc44844a7fbc4b,2025-06-10 17:00:46,3044,2593,0.302,0.317,9,Very Foul
-06a8fd422ef34c2fb5ad,2025-06-10 17:00:47,2078,2421,0.577,0.356,9,Very Foul
-79c777b05737408aa441,2025-06-11 02:00:48,2039,3021,0.594,0.24,18,Very Foul
-c468858d17d843bea412,2025-06-10 18:00:49,2314,3027,0.489,0.239,10,Very Foul
-98a11da8283a42e58700,2025-06-10 16:00:50,1805,2650,0.709,0.306,8,Very Foul
-9ac0e35a0424493f9b14,2025-06-10 18:00:51,1760,2662,0.734,0.303,10,Very Foul
-dbba904e1d7e4a2cb80f,2025-06-10 14:00:52,2484,3333,0.435,0.196,6,Very Foul
-5609bae23d214f008983,2025-06-10 15:00:53,1912,2635,0.653,0.309,7,Very Foul
-0bbcefe881ac434ca725,2025-06-10 19:00:54,2462,3258,0.442,0.206,11,Very Foul
-f374f096bc53477086cc,2025-06-10 18:00:55,2359,3424,0.474,0.185,10,Very Foul
-a7cc5cb9ba1541479771,2025-06-11 04:00:56,2856,2807,0.341,0.276,20,Very Foul
-b631b1b6a0ce4d73a8f3,2025-06-10 17:00:57,2954,2853,0.32,0.268,9,Very Foul
-8954e2d931844ac1aa7d,2025-06-10 23:00:58,1836,3322,0.692,0.198,15,Very Foul
-96d8d9ebd95840beb464,2025-06-11 01:00:59,1675,3310,0.786,0.199,17,Very Foul
-1b6dfb3287c040eb9bc6,2025-06-10 08:00:00,1856,2994,0.681,0.244,0,Very Foul
-76b155361c7c4450b821,2025-06-11 01:00:01,1827,2648,0.697,0.306,17,Very Foul
-7dcb16af8d2043eab243,2025-06-10 16:00:02,2692,3283,0.379,0.203,8,Very Foul
-d8f1f2b0ae5d43f1968f,2025-06-11 06:00:03,2227,3362,0.519,0.193,22,Very Foul
-84143112cdf842f7ac5f,2025-06-10 14:00:04,2887,2788,0.334,0.279,6,Very Foul
-95b9f15f335d41e28109,2025-06-10 18:00:05,2732,3197,0.369,0.214,10,Very Foul
-8176224c6e0546e683b9,2025-06-10 11:00:06,1630,2902,0.816,0.259,3,Very Foul
-78407a8251714b9daba6,2025-06-11 07:00:07,2172,2835,0.54,0.271,23,Very Foul
-04ec6b203f0042359674,2025-06-10 20:00:08,2682,3351,0.382,0.194,12,Very Foul
-bdb9914c247f4ea896ef,2025-06-11 00:00:09,2761,2771,0.363,0.282,16,Very Foul
-c240f0d1cfa542cc9976,2025-06-10 11:00:10,1966,2775,0.627,0.282,3,Very Foul
-fbcf0eba65e845188a7d,2025-06-11 02:00:11,2233,3551,0.517,0.17,18,Very Foul
-f693f479d21e43f699ff,2025-06-10 16:00:12,1914,2699,0.652,0.296,8,Very Foul
-62110ce0e83d4327a580,2025-06-11 03:00:13,1775,3276,0.725,0.204,19,Very Foul
-c892b82deb524293a1ea,2025-06-10 16:00:14,2059,2720,0.585,0.292,8,Very Foul
-8c186bcd71fe40cf9391,2025-06-10 16:00:15,2204,2878,0.528,0.263,8,Very Foul
-734cbf6f9125405abf83,2025-06-10 09:00:16,2420,2836,0.455,0.271,1,Very Foul
-92b4477a4b1f4573b6dc,2025-06-10 18:00:17,2401,3521,0.461,0.174,10,Very Foul
-025585ddeb5e4da0b2c4,2025-06-10 22:00:18,1941,2665,0.639,0.303,14,Very Foul
-a03bb0fab85c4a5290cd,2025-06-10 10:00:19,2205,3353,0.527,0.194,2,Very Foul
-2fd803ab88ee4644bb72,2025-06-11 02:00:20,2946,3085,0.322,0.23,18,Very Foul
-3529186d596045aea820,2025-06-10 18:00:21,1580,3233,0.851,0.209,10,Very Foul
-986bb0a597c243338662,2025-06-10 21:00:22,2706,2518,0.376,0.334,13,Very Foul
-3d88ed1767ff404ebd28,2025-06-10 18:00:23,2894,2685,0.333,0.299,10,Very Foul
-035cb7ebc014473aa790,2025-06-10 18:00:24,2778,3071,0.359,0.233,10,Very Foul
-7f48f5231ab5411388fe,2025-06-10 22:00:25,2266,2961,0.505,0.25,14,Very Foul
-618dc52bc8e34c129b0a,2025-06-10 14:00:26,1931,2564,0.643,0.324,6,Very Foul
-9d0f09dcc0474fdf9070,2025-06-10 16:00:27,1588,3189,0.845,0.215,8,Very Foul
-79208c984ae04b31b514,2025-06-11 03:00:28,1989,3277,0.616,0.204,19,Very Foul
-a5707ede21994fce924c,2025-06-11 05:00:29,2905,2874,0.33,0.264,21,Very Foul
-fb3e0a81eaf647558db2,2025-06-10 17:00:30,2407,2807,0.459,0.276,9,Very Foul
-3cb28605a0644acba2e7,2025-06-10 16:00:31,1888,3506,0.665,0.175,8,Very Foul
-d4d9fa242b36446a8112,2025-06-11 01:00:32,2522,2856,0.424,0.267,17,Very Foul
-f29ce1c272d6402ca2b1,2025-06-10 18:00:33,1812,2850,0.705,0.268,10,Very Foul
-10d61748b1534e249d46,2025-06-10 09:00:34,2047,3493,0.59,0.177,1,Very Foul
-1cb8a42ddae242fcac6e,2025-06-10 15:00:35,1634,3382,0.813,0.19,7,Very Foul
-c3aabfe50a894b26ad35,2025-06-11 02:00:36,1980,2488,0.62,0.34,18,Very Foul
-4b91126f32a6415598f4,2025-06-11 01:00:37,1473,2882,0.934,0.263,17,Very Foul
-22424ba655b84cc4806b,2025-06-10 09:00:38,2377,2484,0.468,0.341,1,Very Foul
-5028e088bd1d4e6a8180,2025-06-10 16:00:39,2191,2773,0.533,0.282,8,Very Foul
-daa7f3fe35374bfba4ce,2025-06-10 16:00:40,2371,3363,0.47,0.193,8,Very Foul
-792f7156c4a048d4b36c,2025-06-11 01:00:41,2700,2855,0.377,0.267,17,Very Foul
-8f6e789c74ac4283ac28,2025-06-10 08:00:42,1760,2835,0.734,0.271,0,Very Foul
-b00077cf45de4ab1bfd8,2025-06-10 12:00:43,2055,2733,0.587,0.289,4,Very Foul
-239a640639a44da6980a,2025-06-11 02:00:44,2522,2715,0.424,0.293,18,Very Foul
-9839403cd36d4802bc34,2025-06-10 16:00:45,2662,2771,0.387,0.282,8,Very Foul
-009d9becb32c4717a52c,2025-06-11 01:00:46,2544,2501,0.418,0.337,17,Very Foul
-da881d3b260e4fac85ab,2025-06-10 16:00:47,2029,2967,0.598,0.249,8,Very Foul
-7e8206e2a0b84a1ba505,2025-06-10 12:00:48,1693,3317,0.775,0.198,4,Very Foul
-3fbdc3f877274116ac86,2025-06-10 16:00:49,2339,3464,0.48,0.18,8,Very Foul
-5da3bf4f725c4ff6a665,2025-06-11 02:00:50,2684,2834,0.381,0.271,18,Very Foul
-1877cc1673444f03a389,2025-06-11 03:00:51,2902,3196,0.331,0.215,19,Very Foul
-6fcdb68ae8154083b3a2,2025-06-11 03:00:52,2144,2824,0.551,0.273,19,Very Foul
-b0a22daccaed442c9dc1,2025-06-10 18:00:53,2609,3240,0.401,0.209,10,Very Foul
-fbfaffa7c8d14df79a13,2025-06-11 01:00:54,2117,3225,0.561,0.211,17,Very Foul
-e75cae8cf4bb474380d8,2025-06-10 16:00:55,1947,2682,0.636,0.299,8,Very Foul
-a3b69c5f541a457ea776,2025-06-10 17:00:56,2749,3095,0.365,0.229,9,Very Foul
-4ee1ddb86c3145bc8fe3,2025-06-11 03:00:57,1671,2660,0.789,0.304,19,Very Foul
-3de764d05c764dffb038,2025-06-10 08:00:58,1666,3048,0.792,0.236,0,Very Foul
-e138509e9a74486798d4,2025-06-10 11:00:59,2571,3425,0.411,0.185,3,Very Foul
-d04a2002374b4466bb43,2025-06-10 16:00:00,1518,3485,0.897,0.178,8,Very Foul
-da40d7496522491abb9e,2025-06-10 09:00:01,2099,3640,0.569,0.161,1,Very Foul
-a9c49665aaad4986be6d,2025-06-10 16:00:02,1847,2751,0.686,0.286,8,Very Foul
-3fb3109f08d34524b476,2025-06-10 23:00:03,2938,3141,0.323,0.222,15,Very Foul
-e876c56d248443f79f4e,2025-06-10 18:00:04,1868,3374,0.675,0.191,10,Very Foul
-378b6542cddf4bc7a32e,2025-06-11 03:00:05,1919,2741,0.649,0.288,19,Very Foul
-bde9c1ea6ac8435e9ad6,2025-06-11 03:00:06,2485,3376,0.435,0.191,19,Very Foul
-0753e16c98c841f0a697,2025-06-10 17:00:07,2697,3025,0.378,0.24,9,Very Foul
-14a92cf19a3d4f0b97f8,2025-06-10 16:00:08,2547,3073,0.417,0.232,8,Very Foul
-76f2d4f822294985af81,2025-06-10 18:00:09,2381,2792,0.467,0.279,10,Very Foul
-d11752c2324845acbdaa,2025-06-11 00:00:10,1948,2765,0.635,0.283,16,Very Foul
-b70571818d814181a096,2025-06-10 16:00:11,2006,2847,0.608,0.269,8,Very Foul
-f486446d69c848fda30a,2025-06-11 01:00:12,1608,3232,0.831,0.21,17,Very Foul
-00a22d481cdd434ea534,2025-06-10 18:00:13,2836,3193,0.345,0.215,10,Very Foul
-85d11452ed94447d8148,2025-06-10 22:00:14,1955,3281,0.632,0.203,14,Very Foul
-307a482de31542de8adb,2025-06-10 18:00:15,2061,3205,0.584,0.213,10,Very Foul
-f9f0f41a4cce40ddbad0,2025-06-10 17:00:16,2454,3210,0.444,0.213,9,Very Foul
-a3b4c8c01294467eb960,2025-06-11 05:00:17,2893,3135,0.333,0.223,21,Very Foul
-c061db75314d4835afbc,2025-06-11 02:00:18,1546,3268,0.876,0.205,18,Very Foul
-48b366f84c7f457dbcb0,2025-06-10 14:00:19,2424,3175,0.453,0.217,6,Very Foul
-dde9095212954936a032,2025-06-11 03:00:20,2747,2554,0.366,0.326,19,Very Foul
-5668b9af60f04133b72c,2025-06-10 19:00:21,1610,2527,0.83,0.332,11,Very Foul
-9d1069e759954fa88326,2025-06-11 03:00:22,2463,3024,0.442,0.24,19,Very Foul
-9e1dcf1b7c264ec28485,2025-06-11 02:00:23,2483,3053,0.436,0.235,18,Very Foul
-0a382f92a43d4cd19952,2025-06-10 18:00:24,2054,2512,0.587,0.335,10,Very Foul
-0e152467b3234228b950,2025-06-10 09:00:25,2503,2506,0.43,0.336,1,Very Foul
-5c037c0c42ed4bc9b7b0,2025-06-10 16:00:26,2249,2882,0.511,0.263,8,Very Foul
-a2e7a510d3cd40a592d6,2025-06-10 21:00:27,2565,2945,0.412,0.252,13,Very Foul
-ae9068debb8e411c97b1,2025-06-11 01:00:28,3020,2993,0.307,0.245,17,Very Foul
-fd28121fd03441769ae3,2025-06-10 16:00:29,1671,3430,0.789,0.184,8,Very Foul
-675b448d7ac04f43b272,2025-06-10 14:00:30,1639,3200,0.81,0.214,6,Very Foul
-48181a8a060b4b398cb4,2025-06-11 03:00:31,2836,2491,0.345,0.34,19,Very Foul
-da6121c7c7eb4213a2f0,2025-06-11 07:00:32,1695,3570,0.773,0.168,23,Very Foul
-5fdc5ddc81454c7ca644,2025-06-10 21:00:33,1861,3159,0.678,0.22,13,Very Foul
-5badf74062af47b09f30,2025-06-10 15:00:34,2898,3498,0.332,0.176,7,Very Foul
-76fb351e661f47c79d4a,2025-06-10 16:00:35,1951,2466,0.634,0.345,8,Very Foul
-88619e19502f4797b616,2025-06-10 08:00:36,2340,3187,0.48,0.216,0,Very Foul
-5ac145df3fe749b582dc,2025-06-11 04:00:37,2053,3282,0.588,0.203,20,Very Foul
-031b239490064bf1bc1d,2025-06-10 13:00:38,2127,3045,0.557,0.236,5,Very Foul
-e304c8909eb64f80a3d1,2025-06-10 23:00:39,1553,2602,0.871,0.316,15,Very Foul
-01742d8815eb4a8e9d14,2025-06-10 16:00:40,2393,2577,0.463,0.321,8,Very Foul
-f081fb3e44ef464ebf4d,2025-06-10 22:00:41,1668,3233,0.791,0.209,14,Very Foul
-60a71f6e2f3344b99a33,2025-06-11 01:00:42,2746,2845,0.366,0.269,17,Very Foul
-23ed9479e2d04e65be01,2025-06-11 03:00:43,1741,2495,0.745,0.339,19,Very Foul
-6e7725d57371479dad27,2025-06-10 16:00:44,1617,2758,0.825,0.285,8,Very Foul
-5e799de0b5b04ba89201,2025-06-10 08:00:45,2981,3550,0.314,0.17,0,Very Foul
-df6ba01fec654ddeb42a,2025-06-10 14:00:46,2488,2824,0.434,0.273,6,Very Foul
-ea2b79d5aaad445a8af3,2025-06-11 03:00:47,2121,2735,0.56,0.289,19,Very Foul
-537de0da14e549e28237,2025-06-11 03:00:48,1568,2800,0.86,0.277,19,Very Foul
-f1f6721b3571441f9138,2025-06-11 00:00:49,1950,3338,0.634,0.196,16,Very Foul
-4974c1e50ab94003b8d4,2025-06-11 00:00:50,2120,2883,0.56,0.263,16,Very Foul
-dd0947a6ac1045b7a457,2025-06-11 01:00:51,1882,3316,0.668,0.199,17,Very Foul
-3d4100a40e724043b572,2025-06-10 15:00:52,2275,2827,0.502,0.272,7,Very Foul
-1bc24542b8a14bbd95bf,2025-06-11 04:00:53,2767,2609,0.361,0.314,20,Very Foul
-124f1348b2ee40c0b652,2025-06-10 18:00:54,1795,2848,0.714,0.269,10,Very Foul
-924698b920bb41b5a77c,2025-06-10 18:00:55,2120,3137,0.56,0.223,10,Very Foul
-e79630428f734636aa80,2025-06-10 20:00:56,2188,2841,0.534,0.27,12,Very Foul
-7ca23ef7cba64117abcc,2025-06-10 10:00:57,1585,2660,0.847,0.304,2,Very Foul
-6b1f202b1538420dba0a,2025-06-10 15:00:58,2709,2494,0.375,0.339,7,Very Foul
-83bbdebab4d441c69f8b,2025-06-11 02:00:59,1995,2792,0.613,0.279,18,Very Foul
-120cc2c180ed4d9aaff4,2025-06-10 11:00:00,2351,3132,0.476,0.224,3,Very Foul
-6ee357e0126c4078a3bf,2025-06-11 00:00:01,2863,3170,0.339,0.218,16,Very Foul
-da36f01003da4bcdb392,2025-06-10 16:00:02,2296,3445,0.495,0.183,8,Very Foul
-5b26f0433ec3449ca6aa,2025-06-10 18:00:03,3066,3061,0.298,0.234,10,Very Foul
-21a28691b30b4b9ea860,2025-06-10 17:00:04,2716,3152,0.373,0.221,9,Very Foul
-d1049c0386d7497c9461,2025-06-10 17:00:05,2688,2714,0.38,0.293,9,Very Foul
-71ac2e93595647188a38,2025-06-11 02:00:06,2932,3057,0.324,0.235,18,Very Foul
-215023ea10fd4022842e,2025-06-10 17:00:07,2420,3074,0.455,0.232,9,Very Foul
-bc6ab2959bcd4d2799d3,2025-06-10 22:00:08,1806,3429,0.708,0.184,14,Very Foul
-a2890ee56b9f4684aa1d,2025-06-10 18:00:09,1944,2596,0.637,0.317,10,Very Foul
-1f5a5d0687894ef5b768,2025-06-11 01:00:10,2440,2868,0.449,0.265,17,Very Foul
-4a8e709ed4254b5781ba,2025-06-11 05:00:11,1584,2837,0.848,0.271,21,Very Foul
-6d4055acacf444db83d3,2025-06-11 02:00:12,2492,3455,0.433,0.181,18,Very Foul
-a0a7fa11e7bd4186ba7d,2025-06-10 16:00:13,2832,2846,0.346,0.269,8,Very Foul
-ddee28b704a4412b81fd,2025-06-10 09:00:14,2083,2754,0.575,0.286,1,Very Foul
-0a2cbff583b542d6b896,2025-06-10 16:00:15,2675,2797,0.384,0.278,8,Very Foul
-74b02fc81ee941929363,2025-06-11 00:00:16,1770,3472,0.728,0.179,16,Very Foul
-77b096e010ff4b7c9829,2025-06-10 10:00:17,1955,2780,0.632,0.281,2,Very Foul
-4df4010ed72247749dad,2025-06-10 19:00:18,1825,2970,0.698,0.248,11,Very Foul
-e93ad3377144428b9d71,2025-06-11 00:00:19,1831,2707,0.694,0.294,16,Very Foul
-fa887ce0738847a5b89a,2025-06-10 17:00:20,2061,2953,0.584,0.251,9,Very Foul
-d336f2c5ccfb4eacb590,2025-06-11 02:00:21,2090,3440,0.572,0.183,18,Very Foul
-565e73b92401484c85ff,2025-06-10 12:00:22,2739,3430,0.368,0.184,4,Very Foul
-b16209bda9ef45109e19,2025-06-10 11:00:23,2830,3200,0.347,0.214,3,Very Foul
-cc45c94b26af435cb21f,2025-06-11 02:00:24,2493,3448,0.433,0.182,18,Very Foul
-ab4ccc030a0b4ffc8104,2025-06-10 19:00:25,2701,2600,0.377,0.316,11,Very Foul
-bfcdb0b8722e468f9c0e,2025-06-11 01:00:26,1596,2672,0.839,0.301,17,Very Foul
-b912d20b54e14bbb84b3,2025-06-10 18:00:27,1866,3542,0.676,0.171,10,Very Foul
-afed001e51e6456e8554,2025-06-10 16:00:28,1865,3419,0.676,0.186,8,Very Foul
-35402f18f92548f7a1d7,2025-06-11 03:00:29,2380,3502,0.467,0.176,19,Very Foul
-e148125f76bf40f5b2e4,2025-06-11 02:00:30,2812,3008,0.351,0.242,18,Very Foul
-d0aef66699b242a68009,2025-06-11 01:00:31,2576,3411,0.409,0.187,17,Very Foul
-5e47fe020d8e4fca9dd1,2025-06-10 16:00:32,2910,2711,0.329,0.294,8,Very Foul
-971bf53f5221456498d2,2025-06-11 00:00:33,1679,3021,0.784,0.24,16,Very Foul
-ede2139ea7ad4a119ddc,2025-06-10 17:00:34,2290,2557,0.497,0.325,9,Very Foul
-cbf4ff68eb18496b8504,2025-06-10 12:00:35,2865,3246,0.339,0.208,4,Very Foul
-0e09f82f71134fcf9fa9,2025-06-11 04:00:36,2305,2794,0.492,0.278,20,Very Foul
-67533aeafec44e55ac9c,2025-06-10 14:00:37,1799,2420,0.712,0.356,6,Very Foul
-265324bc39b04f528759,2025-06-11 05:00:38,2197,2843,0.53,0.269,21,Very Foul
-de86b7d5b63e4e7b9c88,2025-06-10 18:00:39,2347,2528,0.478,0.331,10,Very Foul
